dalianhantaitradecoltd,4.970000000000001
viteks,5.04
garant,5.86
motorcraft,6.69
arpenaz,6.69
huawang,7.34
cow,7.7
terleckikomiks,8.49
tacki,8.49
neobio,8.54
vakosa,8.91
lenizdat,8.96
mei-cha,9.0
clevercompany,9.27
juteks,9.88
bigklever,10.04
moroshka,10.3
izdatelstvoivanalimbaha,11.31
kumanodeve,11.32
sleekmakeup,12.36
ooops,12.88
slovo,13.58
kayser,13.62
viga,14.16
ecocraft,14.16
abris,14.44
bot,14.54
mahaon,14.64
prof-press,14.66
ilash,14.92
beru,15.45
sallyhansen,16.3
bielita,16.580000000000002
wess,16.7
swissimage,16.819999999999997
aquafruit,16.939999999999998
vece,16.98
view-master,17.66
kupajsaiigraj,17.759999999999998
attikus,18.1
individuum,18.11
eolaboratorie,18.54
expromt,19.14
funnyfood,19.23
chuckfriends,19.5
nurpress,19.500000000000004
starmom,20.08
miescarpe,20.08
brisk,20.1
pirs,20.93
kinder,21.23
inseense,21.600000000000005
bigdream,21.69
deerma,22.11
to-plan,22.660000000000004
martinex,23.14
playland,23.62
freshfruit,23.689999999999998
azbuka-attikus,24.669999999999998
odri,25.25
suda,25.259999999999998
yoobao,25.71
holatoys,26.13
ekolit,26.3
stor,26.52
collagen,27.96
sx,28.3
zenzia,28.62
rpikduir,28.92
tmsweetpups,29.14
dobraakniga,29.28
domika,29.4
misstais,30.060000000000006
mannivanoviferber,30.65
almaty,30.78
educa,30.88
invotone,30.89
bergamo,30.900000000000002
kroft,31.66
mangokids,32.69
welldone,34.5
ivc,34.67
himalayaherbals,34.760000000000005
ouaps,34.81
pjmasks,35.34
build-a-bear,35.34
weitai,36.01
desertykrasoty,37.12
himalaya,37.230000000000004
belyjedinorog,37.6
umka,37.959999999999994
vilenta,38.309999999999995
zazu,38.59
alfa,38.61
satagood,38.61
kose,39.12
floralis,39.220000000000006
receptybabuskiagafi,39.6
dogrular,40.16
batman,41.14
kompasgidid,41.42
casato,42.47
exogini,44.14
laboratoriaznanij,44.88
sunlike,44.94
chilok,45.51
sonnaaskazka,45.75
maakavto,46.37
naturakamchatka,47.120000000000005
delma,48.480000000000004
lingua,48.56
decora,48.9
autolite,49.160000000000004
leicos-leiya,49.44
kroskindom,50.3
duir,50.61
beliss,51.5
milk,51.89
invisible,51.99
kajsa,54.06
hanlu,54.06
torch,54.849999999999994
fantom-press,55.17
armandbasi,55.22
bergauf,57.86
della,57.89
heidelbergcement,57.9
monix,58.67999999999999
pervenec,59.18
izdatelskijdommeserakova,59.45
studio,59.519999999999996
akor,59.88
nvp,62.83
pediasure,62.900000000000006
aleteja,63.0
emily,63.32
mello,63.45
nowodvorski,64.35
labirint,64.55
taschen,64.86
vov,64.86
ecolaboratory,66.08
mirex,66.35
deoproce,66.39
mustang,66.92
anesi,67.44
reergmbh,67.98
lamel,68.16
tutu,68.72
grafit,68.78
armada,68.8
leicosleiya,73.12
nexxt,73.34
flushforce,73.53
epnew,74.75
zancaster,75.16
beautyvisage,76.55999999999996
colorway,77.04
hikma,77.2
gssolid,77.22
botanica,77.27999999999999
princessa,78.58000000000001
dfz,79.11000000000001
batiste,79.30000000000001
akara,80.79
popcornbooks,81.0
energybodysystems,81.03
nannic,81.6
poppuri,84.00000000000001
helpfer,84.69
celebrat,84.7
worldpeacekeepers,85.34
khw,86.72
kudu,87.17999999999999
delsot,88.74
lashologist,88.92000000000002
polimerbyt,89.67
ecolaboratorie,90.16000000000001
lovecoil,91.38999999999999
dankotoys,91.72
bunchems,92.02
clinch,92.26
pubg,92.56
yison,92.58
svoboda,94.64000000000003
heinz,94.99
inteli,96.55
timi,98.39000000000001
prajm-evroznak,98.6
yoyofactory,100.17000000000002
ateliero,100.26000000000002
slezakrav,101.84
huochu,102.28
janesper,102.95
granchio,103.79
zangavar,104.1
welcos,104.52
telecom,105.33000000000001
sanjia,105.72
mioshi,107.06000000000003
delune,108.09
komfederacia,108.60000000000001
gerkulesgames,108.88
lipsmacker,111.36000000000001
military,112.2
starwars,112.77
maximumpowernutrition,113.31
molfix,113.58
interlink,114.2
kron,115.64
fame,115.83
holikaholika,116.5
mefferts,117.64000000000001
osprey,118.15
cobat,118.4
wetnwild,120.59999999999998
medisana,120.9
dominant-print,122.32000000000004
malvacosmetics,123.54999999999995
verran,123.56
biolage,125.37
kursiv,126.13999999999999
grifon,126.37
maxchristmas,126.88
almaks,127.47000000000001
gammapiu,128.28
monis,128.37
jinma,128.7
drfrei,131.03
microids,131.19
filly,131.35000000000002
emiliopucci,133.34
bohmann,134.28
aivengo,134.57999999999998
clanfrancoferre,135.63
osminozka,136.43
morakniv,136.7
klavuu,139.0
oumile,139.05
auldey,139.24
qixels,139.82999999999998
bubble,142.76999999999998
vialata,143.16
narodnyerecepty,143.74
wanday,143.77999999999997
timilostworld,144.23000000000002
bravis,146.32
likato,148.31999999999996
digifriends,151.61
suneight,152.44
gaspari,153.66000000000003
jiada,153.98000000000002
enlightenbrick,154.22999999999993
pebble,154.42
funred,154.68
gentrycup,156.55999999999997
pastel,157.28
lealelo,158.31
munchkin,159.6
naturalist,159.84000000000003
kirovskaakeramika,160.84
corps,162.49
lindsay,163.68
neocoregames,164.94
hayejin,164.98000000000002
orly,168.59000000000003
fornite,169.63
sess,169.8
meccano,169.92
dmichael,170.38
fais,170.92
puridea,172.09
plamers,173.23
milan,173.7
interojo,174.64
mezizdat,175.27999999999997
robins,176.99
keumkang,177.60000000000002
zadoor,178.44
hibertek,178.84
nordica,179.93
globaltoys,180.16
kineticsand,180.31999999999996
lapkin,182.01999999999998
kompasgid,182.05
feile,182.06
geroivmaskah,182.06
sozzy,182.53
lauravalarosa,183.78
malamalama,183.96999999999997
vionne,184.32000000000005
tripplite,187.53
littlestpetshop,187.62
kingstar,187.92000000000002
ivy,189.34999999999997
lazso,190.51000000000002
kafekrasoty,190.67
individuumpablising,195.69
bozhi,197.14000000000001
artvisage,197.38
dragon-i,199.0
jocelyn,199.81
foryou,200.84
reshin,200.91
poligrafkombinat,201.17999999999998
logosfera,202.36000000000004
iunik,203.83
termia,203.88
edelvejs,205.67999999999998
big,205.92
inflame,205.92000000000002
kladez,206.12000000000003
sabi,208.5
stationeryteam,208.59
bouncin,208.76999999999998
keramin,208.84
zanry,208.86000000000004
hachette,210.03
jellyfishjam,211.80000000000004
goon,212.88
ridata,214.95000000000002
kokiri,215.88
zass,216.12
edem,217.86999999999998
augustinwelz,218.28000000000003
vdovichev,219.28
abk,219.64000000000001
megasaurs,222.29999999999995
citycolor,222.44
masaimedved,222.56000000000003
glimmies,222.93999999999994
lamart,225.32000000000005
atkinsons,225.38
baseus,226.48
wader,226.58
avanta,231.0
lexand,233.45999999999998
kolpasan,237.69
leco,238.26
fitokosmetik,249.87000000000003
parus,252.01
atlas,254.39000000000001
trichup,255.51
revuele,255.88000000000002
vasilek,255.89000000000001
inostranka,257.13
homs,257.32
privia,257.35
yaole,259.44
naturepan,261.08
kuchendorf,261.1
crystal,262.6
admarginem,262.77000000000004
minony,265.01
chenri,265.4800000000001
rolife,266.40000000000003
carino,266.62
sebamed,267.8400000000001
paso,269.46999999999997
bodykraft,270.15
instyle,271.65999999999997
midzumi,271.94
tvs,275.03
nvprint,275.35
kronostar,275.51000000000005
livebook,275.7
karadium,276.28000000000003
piter-trejd,276.78999999999996
prc,277.19000000000005
maruemsta,277.83
devar,279.13000000000005
polkaudio,279.34999999999997
likebook,279.41999999999996
oliviabambino,280.06
gripmax,280.08
elkitorg,280.27
yotrix,281.37000000000006
pierrericaud,284.7
lion,286.79
wensheng,287.36000000000007
sofia,288.33
superfine,291.19000000000005
istarikomiks,295.8
banquet,296.52
arcancilparis,296.55000000000007
lapocka,297.11000000000007
harpercollins,300.2799999999999
leonbergo,303.59
daye,304.48
dla,306.31000000000006
bondibon,308.92
cd,309.27
drop,309.4
acd,310.49999999999994
verico,311.52
mozaika-sintez,317.31
demark,319.19
tomik,323.68
visnevyjpapa,325.71000000000004
futura,330.13
goldenrose,330.4699999999999
skwooshi,331.24000000000007
turtles,334.04
lostkitties,334.96
sbs,335.5899999999999
beaba,336.78000000000003
korpus,337.69999999999993
rimmel,338.09999999999997
brain,339.03
mark,339.77
pixiebelles,343.92
malva,343.98
kora,347.40000000000015
sekiguchi,354.25
masters,356.72
ewa,357.79
tornado,360.74999999999994
korda,365.82
mujjo,366.65
doff,368.08
wilmax,368.61
optiplus,370.56000000000006
maysternya,370.92
oscardelarenta,370.95000000000005
xiaoyueliangtoys,374.54999999999995
lamelprofessional,377.6599999999999
unitedcolorsofbenetton,377.89
skovo,379.59999999999997
muqaba,381.41999999999996
smtt,382.68
origami,383.9
teploteh,384.54
haken,384.87
meanlove,384.9999999999999
vorson,386.1
avrorateksdizajn,393.4
rline,393.84
eveline,394.86999999999995
willmax,395.9700000000002
face,397.94000000000005
evo,399.17
complimenti,399.25999999999993
golf,401.38000000000005
weber-vetonit,404.59000000000026
stellar,405.04
sindbad,405.06
amigami,405.5199999999999
neskucnyeigry,407.90999999999997
amico,410.1
americancrew,411.8400000000001
lada,413.18
caseconforte,417.4800000000001
wenyi,417.69000000000005
whito,418.25000000000006
am-pm,419.88
changerobot,421.71999999999997
xkg,423.1000000000001
puzzles,423.95000000000005
paton,425.82
amercook,426.17
nici,428.46000000000026
parkcity,432.44
barhatnyjsezon,434.2099999999999
grattant,440.70000000000005
glanzen,440.84
madamecoco,441.67
vicovation,449.20000000000005
shangpree,449.31
jeunepremier,451.0
metoo,451.0699999999999
weichao,451.96
klx,454.29999999999984
coghlans,454.34000000000003
fabrikakomiksov,458.51000000000005
soskin,460.9
baby,473.22999999999996
luciasvetlaa,476.2
coolmaster,480.37999999999994
momi,480.42999999999995
nirmal,484.65000000000015
expression,486.54
kaledomino,490.29
matex,492.64
kuqidai,493.85
centrpoligraf,501.05000000000007
poopeez,509.91
lifegear,513.01
orbotix,514.72
sonoterra,515.24
sonar,522.5799999999999
britneyspears,523.3699999999999
moshi,523.7700000000002
asb,524.16
elco,526.9300000000002
carmex,529.3000000000001
zwerg,529.94
palms,535.92
kakadu,539.0
iconbit,542.99
zx,547.11
olimpic,550.5299999999999
muimui,552.12
runwin,553.3
mirax,555.93
nereus,556.0699999999999
xlmedia,559.2
sincotoys,571.2800000000001
ryor,580.7400000000001
zaharov,581.5200000000002
ltd,581.74
onix,587.82
dita,590.29
addlink,592.8299999999999
jigott,593.25
warrior,596.22
salvinelli,597.09
fidan,601.6599999999999
lefard,602.3199999999999
mariaiskusnica,604.7500000000001
metoyou,606.58
denso,612.1400000000001
orjade,617.7600000000001
yota,617.7600000000001
airmax,620.43
krasnaapresna,622.4799999999998
inwin,623.9
conte,628.3599999999999
msb,633.16
novabright,637.65
sweetyhome,639.9299999999998
b-kids,641.6199999999999
ekobike,643.52
tuarex,644.0200000000001
lalaloopsy,644.12
blw,645.4000000000001
blauberg,647.1400000000001
mirodel,649.03
haida,653.5500000000001
cempioneria,656.4
olimp-biznes,657.9200000000001
fanzon,660.2600000000002
rimmellondon,667.7699999999998
bionime,667.9200000000001
gmslivgidromasao,671.0699999999999
schardt,671.1800000000001
mamut,674.8799999999999
miracle,676.8899999999999
bioworld,677.1999999999999
armytek,679.6
proffcarbon,682.1100000000001
lioele,682.6499999999999
lombok,690.2599999999999
acqua,692.6400000000002
pinti,694.25
lykan,695.0
nady,697.52
kupu-kupu,702.9399999999998
pawpatrol,705.58
mebelcon,706.0300000000001
tuctuc,707.8499999999999
educo,708.4699999999998
naturasiberica,711.1700000000001
leicos,712.3399999999998
provence,714.7499999999999
leiya,717.7800000000001
johnvarvatos,722.22
maono,723.3
navigator,725.6999999999997
zmonday,729.32
drhedison,731.1199999999999
belis,731.79
owner,736.9200000000001
comfortzone,737.9700000000001
sherlock,744.0400000000002
miromaks,745.78
asil,745.9200000000002
westmark,746.9000000000001
astana,748.0000000000005
yokito,753.61
shengyuan,755.49
espiro,756.61
crowdgames,759.4799999999998
liquimoly,760.65
kingmeda,761.1499999999999
eos,761.83
skullcandy,762.6999999999999
sparky,764.48
demi,765.3200000000002
organiczone,765.4499999999999
ngk,770.0399999999997
kumano,771.8000000000002
voltajr,775.89
camelion,780.9
petitfee,785.9000000000001
buttonblue,789.4200000000001
chuggington,789.5999999999999
magnitoj,790.5
constantdelight,791.9999999999999
startradingabsvecia,803.7699999999999
potatohead,810.46
peppapig,812.9000000000001
lunkerhunt,813.5999999999999
maja,814.3800000000001
sly,819.2700000000001
bestlife,819.7999999999997
acorp,824.5000000000002
nizegorodskaaigruska,828.8
samy,829.8
academie,833.75
ballist-x,834.2799999999999
werner,836.4699999999997
weider,836.5500000000002
sulongtojs,845.55
hadaa,847.14
midou,848.9800000000001
yegam,849.24
seventeenkids,849.4200000000001
garage,850.7
bayerdolls,853.25
ecs,857.1600000000001
hipp,857.3200000000005
aquarelle,859.06
labiotte,859.46
franckolivier,864.3500000000001
yoshioki,865.2000000000003
daniel,873.1099999999999
renberg,874.7700000000002
medtextile,875.06
mr.pixel,878.42
larocheposay,880.8599999999998
zoops,882.1199999999997
acron,883.8399999999999
nuforce,884.6
restar,888.42
tytan,891.0400000000003
logona,898.5600000000004
giti,900.9000000000001
skechers,901.0
courvoisier,923.0999999999999
ooba,934.5300000000002
hlebsol,936.6399999999999
malys,936.85
marko,937.0200000000004
winner,940.2600000000002
alissabeaute,946.9300000000002
relouis,948.4400000000003
rexco,952.36
feron,954.5800000000004
selena,955.5400000000001
riminibosco,956.25
compliment,957.95
proteus,961.4100000000001
nutrilak,964.4399999999998
vortex,964.57
iplay,965.6499999999996
stupidcasual,967.0399999999998
fitnessbody,975.0299999999997
doublefish,978.7699999999999
krasnaaglina,982.1999999999999
jio,982.9899999999999
rise,985.62
v-t,987.3499999999998
marvel,990.2100000000002
catrice,990.6999999999997
vitus,993.1800000000003
odeonlight,994.5200000000001
gk,998.2800000000003
tesma,1000.1300000000001
villi-vinki,1002.9700000000004
organicshop,1006.6199999999999
sibin,1007.3899999999999
glimmeies,1008.0000000000003
railking,1010.3100000000002
rodaco,1010.9399999999999
smartway,1014.7800000000001
vita,1015.4599999999998
newco,1022.75
skazocnyjpatrul,1025.71
enchantimals,1026.48
usborne,1026.84
raytheonphantom,1032.4799999999998
miumiu,1034.5599999999997
twins,1035.8500000000001
playskool,1036.9500000000003
raveltex,1037.35
rival,1037.84
versal,1046.6800000000003
elbasco,1046.9899999999998
bio-oil,1048.1099999999997
screecherswild,1051.0500000000002
solarstorm,1054.53
wind,1054.8600000000001
iek,1056.99
faro,1060.0
legkiesny,1060.5700000000002
sporttovary,1064.3000000000002
gladiator,1065.2
scinic,1065.4899999999998
simbat,1067.2200000000005
komilfo,1070.0900000000001
vilia,1072.3300000000004
pegperego,1076.16
eliesaab,1080.66
nella,1084.5400000000002
vplaboratory,1096.4400000000003
candylocks,1108.17
bodysolid,1109.4
netis,1111.92
durun,1112.04
natur,1115.5000000000002
battat,1116.5199999999995
fabrikakarteks,1128.62
corpus,1130.83
artplays,1132.4
joko,1134.4799999999998
poppops,1135.08
balenciaga,1144.15
borasco,1152.5499999999997
kleancolor,1158.1800000000003
action,1158.95
bombcat,1159.8400000000001
acvilagrup,1159.8600000000001
vesna,1160.81
epicgear,1163.8799999999999
inspiwood,1164.52
target,1179.8
wotrex,1183.5800000000002
stermay,1189.3199999999995
andrea,1191.27
tinytoes,1191.51
berger,1213.32
junte,1219.760000000001
osgona,1220.1100000000001
maxfactor,1224.5399999999997
ekel,1241.2400000000005
ogiz,1243.2699999999998
clevan,1248.42
xigmatek,1254.4000000000005
mcfr,1255.1499999999999
k.k.y.,1256.9300000000003
evamosaic,1261.62
remer,1286.2200000000003
tokuryo,1290.9500000000005
metalac,1293.88
energenie,1295.2800000000002
merejbaspasy,1302.1200000000003
livdelano,1319.49
hummer,1330.08
tigres,1335.7300000000005
i-velo,1338.0
cadillac,1340.9000000000005
minecraft,1342.9999999999995
lanvigator,1343.6999999999998
dodo,1347.27
kosmos,1353.6400000000003
creavit,1354.5900000000001
riello,1357.1000000000001
saipo,1361.71
crome,1364.2900000000004
chariots,1368.67
kosadaka,1374.9199999999998
gourmet,1379.53
rare,1389.2400000000002
ripol,1394.3299999999997
olimp,1401.2300000000002
toscom,1402.84
arba,1402.87
evelinecosmetics,1408.5999999999997
nathan,1412.9500000000003
premier,1421.3700000000003
skindoctors,1425.4500000000003
iope,1443.75
marmiton,1454.58
glam-forever,1468.8100000000002
dagee,1473.790000000001
naturerepublic,1482.7300000000002
evriki,1488.5599999999995
maybellinenewyork,1492.8199999999995
teens,1494.2499999999998
sachiko,1494.9699999999993
vogue,1503.54
regentinox,1515.7500000000005
mamako,1518.4999999999995
ceinio,1519.8400000000008
redline,1520.81
princetontec,1520.9499999999996
ubear,1525.920000000001
genny,1535.9500000000003
alinex,1545.4699999999996
ideal,1547.7000000000003
coloma,1551.1200000000001
galacticos,1561.7900000000004
cettua,1570.8000000000002
tedmyfriend,1583.0199999999998
audiotop,1585.5399999999995
atmosphera,1586.7800000000002
stern,1588.2999999999997
tundracomfort,1589.7699999999998
max-pro,1593.8399999999997
joe,1593.84
stilzizni,1599.3299999999995
vesta,1600.2100000000003
murena,1603.63
castelgarden,1603.86
hunter,1612.8300000000004
remeco,1626.06
skv-kompani,1633.23
zing,1634.8600000000004
altacto,1636.47
yes,1639.9600000000003
paint,1641.979999999999
cafemimi,1645.5700000000002
nobleroyale,1647.3600000000004
vokter,1661.0
inswim,1678.12
guess,1679.3000000000004
carpet,1679.7899999999997
melidadi,1680.93
mapei,1680.95
dreja,1689.3
magnat,1698.8000000000002
dahatsu,1699.1799999999998
ultrasone,1702.4099999999999
belkin,1703.58
orangedaily,1704.1399999999999
capanni,1710.1799999999998
energy,1710.28
organickitchen,1711.199999999999
machineboy,1729.6100000000004
sunfull,1729.919999999999
kisswill,1739.7699999999995
lancaster,1745.39
innisfree,1746.32
basf,1783.2599999999998
azbuka,1790.380000000001
kala,1792.7000000000003
imtoy,1794.4999999999998
cralusso,1799.3000000000004
aquanet,1807.78
fizan,1817.29
laneige,1826.8100000000002
planetaorganica,1838.4400000000007
bloomsbury,1839.0600000000004
accumaster,1852.31
fox,1853.9999999999986
olivella,1865.79
luxking,1869.05
lem,1879.1800000000014
sgary,1886.64
harte,1896.82
risoli,1904.7099999999998
antoniolavazza,1904.7900000000002
kalibr,1905.73
mof,1907.1
monisstil,1911.94
luazon,1913.7200000000003
madguy,1914.9900000000002
sufix,1922.1299999999997
camso,1933.6499999999999
idrobase,1965.62
uniforce,1976.4000000000003
ergolux,1980.4200000000003
wltoys,1980.5799999999997
vargame,1981.6999999999994
yulu,1988.3499999999992
lele,2007.7499999999995
akvalinia,2007.75
livnynasos,2009.48
melissadoug,2013.1200000000001
profteplo,2013.51
rossiaavtorobot,2014.9599999999996
lagirl,2018.2399999999998
aton,2018.8400000000004
engy,2025.0000000000002
meizer,2029.2300000000007
soyntec,2033.1999999999998
wk,2042.3299999999997
philippus,2044.6999999999998
hynix,2051.78
divoom,2058.56
weiste,2061.73
biography,2064.7200000000003
drsea,2066.7000000000003
zvezda,2078.72
jsq,2089.3600000000006
useandcare,2103.7199999999993
ekonomia,2106.1000000000004
sheyk,2117.83
jrc,2120.9000000000005
lador,2123.459999999999
agrimotor,2125.2
noopies,2132.44
junglefieldtroop,2137.1399999999994
secretgourmet,2140.81
creature,2144.5200000000004
erismann,2148.0000000000005
arwanan,2153.7599999999998
chaod,2162.2
g-stone,2164.4699999999993
zinc,2190.5999999999995
tekstilnaalavka,2194.27
imctoys,2201.39
rosmen,2213.3799999999997
fireball,2215.92
brita,2227.4800000000005
powerrangers,2235.7399999999993
johnnytheskull,2238.41
ubtech,2239.93
radiant,2243.7299999999996
secretkey,2244.21
aquaverso,2249.17
revlon,2254.0
crusader,2254.9
oleo-mac,2262.37
eurogold,2263.8000000000006
ehome,2266.0199999999995
smarttextile,2270.2599999999993
marching,2270.5199999999995
ningbo,2284.080000000001
acebeam,2295.8199999999997
milight,2300.41
interbaget,2311.7599999999993
provoc,2317.7399999999993
vladitoys,2333.84
ceriotti,2345.17
newbright,2346.12
amet,2358.6600000000003
skil,2363.0200000000004
eichorn,2380.95
jamo,2386.17
kskids,2386.2499999999995
sanitaluxe,2386.7900000000004
alita,2394.81
ecologystone,2397.9599999999996
playmobil,2405.4799999999996
faans,2406.95
xtrembots,2409.4800000000005
artspace,2424.7799999999997
grinda,2429.4500000000003
theshinestonetrade,2429.470000000004
originalamnet,2431.250000000001
v-color,2435.32
eurostek,2442.4500000000007
berossi,2443.87
millenium,2450.3799999999997
mengbadi,2450.970000000001
wuben,2469.8199999999993
vlk,2476.1600000000008
shinko,2476.26
noppiesbaby,2478.129999999999
eaton,2481.5900000000006
spalenka,2489.1099999999997
ardo,2491.8200000000006
aruna,2505.5000000000005
htl,2522.59
meze,2537.0399999999995
rivakoch,2537.3299999999995
stn,2540.96
dolcegabbana,2541.42
alpinapabliser,2548.0099999999998
tdmelectric,2572.059999999999
bombora,2575.089999999999
polesie,2587.63
pqi,2593.7599999999998
robotime,2621.75
barum,2625.479999999999
cayee,2626.359999999999
constancy,2638.3999999999996
monsher,2642.8800000000006
humidifier,2649.920000000001
cressi,2660.4499999999985
kangkang,2664.0899999999997
simax,2685.95
casta,2686.96
ultimatumboxing,2697.6800000000003
samonite,2702.8399999999997
leven,2704.1999999999994
luxuryconcept,2710.0199999999995
crest,2711.890000000001
scan,2713.0799999999995
coolmaker,2713.2000000000003
tools,2713.26
moulinvilla,2713.39
newport,2718.2400000000002
vira,2736.4900000000002
toocool,2743.1000000000004
vox,2744.05
eurolight,2744.64
freedom,2751.840000000001
playlab,2780.4699999999993
tradiciatekstila,2794.1100000000006
sades,2796.1300000000006
pit,2798.7499999999995
bayerlux,2798.8799999999997
zajkami,2805.56
ampm,2806.64
merlin,2808.2599999999993
kraton,2808.6900000000005
trunki,2824.8200000000006
magictrack,2830.4200000000014
bisou,2832.5600000000004
billi,2838.0100000000007
colorfix,2849.89
itc,2853.3499999999995
svetogor,2855.66
bosnic,2860.67
imetec,2878.4100000000008
fleet,2891.2000000000003
mw-light,2893.23
lucalighting,2908.4200000000005
voin,2918.210000000001
banbao,2927.1400000000012
sluban,2929.100000000001
weina,2945.9700000000003
rock,2946.2800000000007
palars,2955.2799999999984
bio-tekstil,2993.96
smarttrike,2995.3399999999992
sokany,3006.6400000000012
hera,3019.6
elamina,3029.0999999999995
defalucy,3035.2299999999996
silampos,3065.299999999999
mhp,3066.31
krosno,3084.579999999999
wtflabz,3091.920000000001
voyager,3099.44
jb,3101.5100000000007
eneos,3104.0200000000004
majescogames,3128.1600000000003
sonifer,3129.68
lorealparis,3147.0199999999986
suncolor,3164.399999999999
jimcarrey,3175.5099999999998
gigazone,3199.68
twistclimbingcar,3204.48
gioseppo,3208.58
checkin,3212.4799999999996
neoclassic,3214.91
magkijson,3216.7999999999993
yuneec,3221.63
ark,3243.239999999999
alinapaint,3252.28
decocode,3266.440000000001
floresan,3276.9899999999993
aula,3290.4400000000005
wedssport,3294.8
llocker,3308.1999999999994
ralfringer,3311.199999999998
kingroy,3316.8700000000003
batik,3318.4600000000028
klymit,3324.4799999999996
sowell,3336.0
kronopol,3344.200000000001
tdm,3345.7300000000005
bandai,3349.0599999999986
estel,3354.1999999999994
actiontrack,3370.9900000000002
s-oil,3375.1
azbukvarik,3378.0
kstar,3378.35
markjacobs,3390.079999999999
allocacoc,3391.3299999999986
knauf,3392.9700000000016
tailg,3397.62
martinez,3409.59
apcbyschneiderelectric,3409.9399999999996
lamarkahome,3412.5900000000006
andromeda,3420.43
zuru,3422.4500000000003
elvin,3424.6199999999994
cosrx,3425.1
kroskaa,3430.330000000001
kamskaaposuda,3430.9899999999993
alondra,3449.1600000000008
vasden,3449.27
gutrend,3462.96
f-promo,3464.349999999999
belgia,3474.24
blaster,3484.3999999999996
vcom,3489.0899999999997
stavia,3503.299999999999
globalkeratin,3511.0600000000013
insinse,3517.3599999999997
kinlee,3546.92
kari,3551.100000000001
ruixinlang,3565.7100000000005
princessemarinadebourbon,3572.0200000000004
gauss,3582.209999999999
astrid,3589.849999999998
maidou,3594.0000000000014
doui,3595.3699999999985
federal,3616.219999999999
konoos,3634.0699999999997
bxg,3636.700000000001
stelz,3655.21
pisen,3655.22
ecler,3674.7200000000003
k-lite,3695.9999999999977
startrading,3710.15
imenza,3725.9500000000003
unikum,3732.2999999999993
magic,3732.9500000000007
lauravalorosa,3737.6200000000003
kinklight,3743.579999999999
ultravit,3755.8500000000026
warmic,3758.04
bueno,3761.9100000000003
dyflon,3771.3799999999997
five,3783.7799999999993
spider-man,3785.930000000001
magaudio,3805.4399999999996
chilokbo,3811.230000000001
cepeckaamf,3812.640000000002
wintek,3845.3
lord,3866.639999999999
luazonlighting,3873.390000000001
mdlab,3892.05
three-a,3906.6000000000013
greenland,3927.0400000000013
joby,3942.45
meliconi,3952.1300000000015
ricco,3956.4099999999994
barretoni,3963.9599999999996
codemasters,3975.4299999999994
penn,3990.5
nmp,3990.5800000000004
mam,4010.7299999999996
bd,4012.9899999999993
estrade,4016.2499999999986
purederm,4020.610000000001
nuovabattipav,4039.2
thor,4041.13
budibasa,4055.9599999999996
noctua,4103.950000000001
badboy,4112.43
avtotent,4118.399999999999
dopdrops,4162.619999999998
namazu,4174.0599999999995
roxykids,4191.790000000002
hec,4202.23
worwo,4206.72
qnt,4245.080000000001
erdenet,4288.42
gabriella,4321.11
polistil,4322.880000000001
triumph,4340.3099999999995
trazano,4386.7
rubelli,4387.1900000000005
wengemotion,4410.19
cvgaudio,4410.5
condor,4412.260000000001
fitnex,4424.57
elitebohemia,4430.02
tizianaterenzi,4436.81
annaite,4448.88
trendbeauty,4472.43
supermicro,4472.68
mochtoys,4486.650000000001
tizo,4487.639999999999
belaakalitva,4499.159999999999
deestone,4518.75
staub,4532.240000000001
rasch,4537.6100000000015
hurakan,4555.309999999999
zengen,4565.9699999999975
best,4570.2300000000005
ipower,4577.03
sarabella,4582.149999999999
polo,4605.889999999999
cerruti,4628.300000000001
rotorazer,4633.199999999999
monchhichi,4652.859999999999
ecoterm,4667.74
gs,4727.180000000001
monkey,4736.850000000001
uralsport,4740.21
qvs,4755.44
studioprofessional,4777.359999999997
levrana,4777.889999999999
transformers,4789.260000000001
koelf,4799.379999999999
kraftform,4836.63
subea,4864.86
jjrc,4874.04
gonher,4882.76
zpao,4895.88
haeger,4900.42
meike,4905.439999999998
psyonix,4916.730000000001
numark,4920.790000000002
ibiscus,4922.68
mastrad,4937.79
dlaudio,4941.289999999999
joonies,4951.009999999998
idealspaten,4974.490000000001
repetto,4992.62
likatoprofessional,5001.660000000001
damixa,5002.519999999999
totaku,5012.500000000004
cooperhunter,5022.68
daiwerina,5033.440000000003
bogates,5043.160000000003
aquaton,5045.7300000000005
xinyu,5072.640000000001
absolutechampion,5110.259999999998
meguin,5140.109999999999
elleci,5146.53
sportbaby,5152.099999999999
gamerstorm,5167.3099999999995
stikbot,5189.11
samo,5198.060000000001
goodbaby,5209.82
signature,5213.92
timbergroup,5218.150000000001
dickietoys,5236.909999999999
capline,5240.130000000002
woodcraft,5250.959999999999
vitesse,5264.2199999999975
hada,5265.660000000001
mfmaster,5296.400000000001
yasham,5321.069999999999
stilvasejspalni,5338.47
ipipoo,5360.600000000003
eden,5370.16
mitre,5405.999999999998
venti,5436.42
cocochoco,5452.229999999999
blackmores,5452.650000000001
tracker,5458.32
palplay,5502.870000000001
ashleyfurniture,5508.479999999998
dub,5512.56
lumion,5519.0
foxconn,5532.219999999999
firepower,5557.830000000001
beyonce,5574.600000000002
laroche-posay,5597.089999999999
klorane,5621.339999999999
yst,5621.799999999999
alvarez,5626.850000000001
steffilove,5637.4800000000005
trendy,5644.68
kalenji,5649.299999999998
lakme,5649.430000000001
vari,5657.020000000001
dobroparov,5662.089999999999
norman,5663.0
bwt,5667.14
scivation,5681.769999999999
egger,5695.87
aladen,5708.64
erichkrause,5715.759999999998
opple,5723.5199999999995
sariel,5739.509999999998
bonita,5745.359999999999
philandteds,5745.370000000001
zic,5749.89
indiana,5751.3
papilla,5777.39
balterio,5805.23
siren,5807.84
worth,5813.28
ecolab,5819.889999999999
tierra,5851.040000000002
carpisa,5858.910000000002
daesung,5870.959999999999
clever,5884.499999999997
carmani,5896.919999999999
mica,5898.32
tourist,5904.949999999998
vip,5917.399999999998
avizor,5925.320000000001
avengers,5945.409999999999
nikai,5950.0
siton,5964.32
fixsen,5971.5199999999995
tontarelli,5984.8600000000015
aist,5995.120000000001
blenderbottle,6014.599999999998
biolane,6020.330000000001
amistar,6023.400000000001
waspo,6054.930000000004
masima,6061.769999999999
alaia,6065.239999999999
nuk,6067.26
iqmarketing,6074.559999999998
cars,6076.049999999999
parkwood,6082.580000000001
robocarpoli,6097.449999999999
omnio,6113.5
motivyotdyha,6130.199999999999
hercules,6133.9400000000005
imax,6155.090000000001
graff,6156.460000000002
castorland,6174.100000000001
ajmal,6187.610000000001
hellion,6189.72
neptun,6198.120000000001
a-derma,6213.640000000001
softoy,6232.170000000001
avatyre,6241.0
enkor,6244.709999999999
tesler,6248.39
jeneca,6251.050000000002
guzzini,6256.569999999999
sylvanianfamilies,6261.649999999999
humana,6276.2199999999975
saniano,6278.089999999997
parallelkomiks,6341.620000000003
ristanskaakeramika,6341.960000000002
dr.jart,6368.810000000004
maclay,6379.619999999999
kramer,6380.159999999999
rinax,6384.929999999999
wd,6399.140000000001
jazwares,6409.5599999999995
stl,6422.070000000001
illumico,6437.759999999999
powerman,6448.120000000001
voda,6456.800000000002
madcat,6459.149999999999
solideal,6461.01
edelman,6483.919999999997
miif,6486.26
velositywheels,6512.44
stahlberg,6526.11
art-visage,6531.130000000001
magniflex,6541.92
nexttool,6546.460000000001
bfz,6557.5700000000015
efp,6566.47
wella,6567.319999999999
smiger,6586.810000000001
mitas,6631.01
chic,6644.11
ecolight,6647.300000000001
ragolle,6702.790000000002
kingmax,6708.699999999999
shantougepai,6723.080000000003
polarring,6739.559999999998
go-sport,6769.490000000006
sphero,6788.210000000001
youngtoys,6836.1500000000015
crystallux,6848.000000000001
bamboo,6857.620000000002
everflo,6891.119999999999
elaud,6922.52
akro,6936.200000000002
nomi,6948.480000000001
tuff,6949.9800000000005
ultraflash,6954.74
hgst,6994.5999999999985
landsail,7004.159999999996
genki,7017.51
flormar,7036.8899999999985
grandvictory,7055.300000000003
maxi,7062.850000000003
stealth,7084.18
kromax,7099.7
ardoni,7104.4
gorizont,7111.06
shhongri,7117.899999999998
foligain,7160.260000000001
sis,7180.19
poli,7214.960000000001
amalbooks,7237.5199999999995
irit,7252.45
braumauto,7263.719999999998
ollin,7268.150000000002
pilsan,7270.239999999999
lepota,7272.419999999999
hola,7294.690000000003
merzuka,7318.5
loreal,7349.050000000001
gornica,7381.53
superwings,7386.780000000001
callida,7397.739999999999
mitte,7400.01
liujo,7400.05
trianglegroup,7415.6500000000015
manhattan,7440.779999999998
dasch,7440.870000000001
fractaldesign,7457.230000000001
anskin,7492.68
calypso,7583.299999999998
tactic,7612.43
qplay,7636.7300000000005
topface,7662.469999999998
grownup,7715.67
aerolajf,7722.000000000003
sky,7722.200000000001
saucony,7733.900000000001
netgear,7773.04
mediheal,7787.39
smartbuy,7787.429999999998
vgp,7825.59
pika,7847.970000000001
farmstay,7848.07
torres,7850.220000000001
fotorama,7908.279999999999
hohner,7954.889999999999
regatta,7984.939999999999
g-cube,7998.149999999997
bandainamco,8030.429999999996
mammie,8031.150000000002
graffitisound,8031.200000000002
sonata,8062.29
damper,8063.029999999999
abtoys,8096.330000000001
blaumann,8098.289999999999
ozkaplan,8120.810000000001
nyne,8150.660000000002
lanard,8152.099999999997
derevaski,8156.429999999998
kia,8179.15
startlineplay,8183.43
fea,8187.459999999996
texa,8187.85
helstons,8245.78
upright,8261.539999999997
mgaintertainment,8266.329999999998
uvelirnyetradicii,8272.929999999998
keddo,8275.140000000001
initioparfumsprives,8276.609999999999
qazprotein,8318.320000000002
glory,8338.939999999999
toysmax,8343.69
r-senda,8364.699999999999
mifold,8366.720000000003
winda,8368.19
zmi,8370.9
miraculous,8396.09
ovk,8405.04
cubicfun,8420.580000000002
buldors,8468.48
dunya,8478.65
riken,8489.440000000002
maxcolor,8494.2
biovea,8517.09
lilwoodzeez,8543.45
lysvenskieemali,8545.230000000003
lunecase,8606.920000000006
mc,8631.380000000003
global,8634.010000000002
hoka,8634.640000000003
selectiveprofessional,8649.39
doliva,8654.480000000001
slavanskieoboi,8710.0
trefl,8723.86
mojmalys,8729.150000000001
work,8731.380000000001
kumtel,8741.559999999998
sanovit,8747.34
hurom,8779.68
true,8803.440000000002
skylor,8804.750000000002
lifetrons,8804.83
sheffilton,8812.969999999998
dox,8814.959999999995
esko,8858.269999999999
legrand,8905.38
mercusys,8930.09
barokko,8933.490000000009
dunu,8969.55
sonda,8978.129999999996
klever,8985.62
ortopazl,9067.689999999997
kk,9101.82
kapousprofessional,9103.81
solognac,9111.96
barettoni,9112.2
funville,9130.53
berkley,9132.479999999998
dvin,9140.480000000001
mltl,9168.86
savagegear,9180.170000000002
ty,9182.369999999994
vitross,9184.51
lenta,9193.91
oitez,9201.7
stuntcar,9235.970000000005
comfort,9236.56
gabolparadise,9265.579999999998
globex,9287.319999999998
reluce,9289.26
kipsta,9327.17
eksmo,9347.689999999999
woddon,9363.730000000003
tatami,9410.729999999998
oase,9422.720000000005
estomoda,9437.130000000005
furreal,9456.239999999994
saksi,9496.329999999998
berber,9576.880000000001
scruff-a-luvs,9654.220000000003
ford,9676.94
zilmer,9686.339999999997
mirra,9729.720000000003
zarad,9730.0
xti,9753.249999999998
guangwei,9780.420000000004
alaskaoriginale,9785.770000000002
falken,9801.030000000006
bigben,9822.760000000006
wize,9893.799999999997
renovator,9909.9
catimini,9920.57
starfestival,9973.449999999997
ridian,10008.900000000001
biotherm,10024.41
ship,10033.94
emco,10041.380000000001
elite,10080.179999999997
kerasys,10089.589999999997
ibili,10095.39
vitelia,10149.660000000003
duo,10152.92
ciaobimbi,10155.919999999998
kaisavilla,10177.959999999995
keneksi,10191.599999999999
mauboussin,10224.379999999997
ww,10233.01
bela,10238.310000000003
jinyuan,10283.759999999998
kicker,10304.180000000002
alerana,10305.980000000003
luxvisage,10315.560000000001
dinamical,10336.93
packing,10345.58
hycell,10382.679999999997
nardi,10394.550000000001
hatchimals,10397.210000000001
unison,10398.870000000004
formulazdorova,10411.199999999999
redblu,10442.89
tous,10470.319999999996
kite,10478.820000000002
yardforce,10488.480000000001
ascoli,10494.859999999997
era,10556.460000000008
aoki,10569.75
bra,10591.7
sun,10600.349999999993
scorpion,10601.539999999999
tsubaki,10605.68
kehan,10617.499999999998
babycare,10625.850000000008
bessey,10634.64
sofit,10649.920000000002
zenmart,10656.75
mentor,10693.62
ventura,10693.920000000006
nomad,10728.499999999998
goodgrill,10731.929999999997
edelform,10770.18
aston,10770.930000000006
mebbery.kz,10773.890000000001
playgro,10855.259999999998
ardell,10905.010000000002
grizzly,10923.06
maysun,10993.259999999998
kambrook,11018.650000000001
norplast,11045.919999999995
moongmbh,11051.76
ewt,11055.109999999999
eskar,11077.139999999998
plantex,11125.32
bossh,11136.200000000003
desigual,11150.899999999998
lezard,11157.489999999998
ginzza,11195.160000000002
kovroff,11202.330000000002
focushomeinteractive,11218.279999999999
essence,11272.620000000004
bohemian,11293.750000000004
desatoekorolevstvo,11312.570000000002
santacruz,11315.599999999999
europrint,11334.289999999999
sulhwasoo,11340.99
wangfeng,11344.339999999997
victoriassecret,11355.04000000001
imattress,11377.350000000002
greys,11380.889999999998
tl,11387.85
sitparad,11415.419999999998
exclusive,11428.559999999998
brauberg,11484.96
avermedia,11487.820000000002
rubiks,11610.280000000002
penny,11627.359999999999
hellomaggie,11681.070000000003
daewooelectronics,11686.380000000001
naranda,11692.959999999997
silapro,11712.72
bws,11712.999999999998
oribel,11731.77
ls,11791.800000000003
atelier,11796.6
eurotrading,11801.789999999999
viewmaster,11824.460000000006
prestiz,11837.76000000001
yvesrocher,11848.210000000003
fit-rx,11864.209999999995
lbl,11930.099999999997
joker,11932.820000000002
solaris,11963.52
noordi,11970.990000000003
dynafit,12005.159999999994
nocnezna,12006.679999999997
jata,12025.599999999999
volsebnaanoc,12028.919999999998
diptyque,12046.320000000002
x-digital,12095.480000000001
brkpress,12103.390000000001
marcher,12106.98
ocz,12116.219999999998
wonderlab,12148.960000000003
inkax,12274.699999999997
rempire,12316.300000000001
aquatic,12341.61999999999
targus,12356.78
roeyuta,12424.410000000002
manuoki,12438.340000000006
iriver,12486.599999999999
dsk,12493.019999999999
monsterjam,12541.439999999999
gedore,12548.269999999995
kirovit,12551.77
tommyhilfiger,12616.609999999997
karapuz,12617.710000000005
magicbeartoys,12652.18
arktika,12671.57
boarteks,12709.140000000001
monster,12717.1
rdx,12737.670000000002
elegant,12757.300000000001
freya,12765.47
thqnordic,12783.550000000001
miracase,12799.1
hottek,12803.02
torneo,12852.97
jarko,12876.47
idillia,12899.569999999996
sweety,12916.030000000002
graphiteleader,12924.759999999997
ves,12927.93
tsv,12951.489999999996
cellucor,12970.289999999999
messer,12973.300000000001
takeit,12973.800000000005
robertocavalli,13027.320000000003
ermila,13062.220000000001
flashpoint,13071.23999999999
beautycreations,13105.100000000006
spalding,13121.28
nivea,13169.84
huntsman,13174.169999999996
jinyu,13184.459999999997
esthetichouse,13237.909999999994
goliath,13258.899999999998
mustela,13333.439999999999
samga,13337.740000000002
teplokryma,13363.769999999999
ast,13367.590000000002
accord,13394.419999999995
rosenberg,13423.99
forminabanyo,13461.259999999998
naughtydog,13540.220000000003
bulova,13549.800000000001
vibe,13567.68
lovular,13572.300000000003
aten,13606.62
robens,13665.380000000008
proma,13669.760000000002
prosperplast,13724.74
blackdecker,13733.239999999998
nero,13776.5
viviennesabo,13785.97
crunch,13797.080000000002
korin,13819.930000000008
kaierda,13856.0
grandstil,13868.159999999996
guerisson,13903.490000000002
robobloq,13910.3
framesi,13920.16
snogear,13940.48
jiuling,13963.95
domcraft,13970.320000000002
mikasa,13971.199999999999
micallef,13993.9
lirene,14025.65
babysinq,14052.290000000006
rossia,14063.780000000002
lamborghini,14155.640000000005
lom,14185.79
orivel,14188.480000000003
v-unic,14260.270000000004
kodak,14403.440000000004
sirius,14456.129999999997
garnier,14481.069999999992
fsd,14512.859999999999
stavr,14542.880000000003
evgo,14578.4
venum,14583.09
bagdanoviceskijfarforyvyjzavod,14602.649999999998
sonny,14733.949999999999
planet,14807.990000000009
barer,14907.800000000003
onhillsport,14927.439999999988
lujun,14942.099999999995
note,14965.580000000002
riminiflash,14975.699999999997
gaga,14977.340000000002
household,15012.539999999994
sti,15190.449999999995
babyono,15234.480000000007
hayabusa,15272.8
hintek,15309.849999999999
a-elita,15351.249999999998
micron,15356.739999999996
granfest,15374.980000000001
freeway,15384.919999999996
csmedica,15441.56
seletti,15447.280000000004
colgate,15498.029999999995
geneticlabnutrition,15504.919999999996
heinola,15511.70999999999
silverstone,15526.569999999996
urbanears,15548.749999999998
yuka,15582.350000000002
destra,15595.909999999994
torso,15649.700000000003
canwood,15665.049999999996
waterworld,15677.850000000002
devos,15678.36
vulli,15713.630000000001
palmers,15725.119999999999
thorvik,15741.44000000001
asmrelaks,15764.770000000002
kapous,15785.830000000009
biol,15816.38
concept,15817.820000000003
ditreex,15821.520000000002
goo.n,15845.429999999998
steelpower,15871.73
nixx,15881.439999999997
tamish,15912.599999999999
os,16066.86
salvatoreferragamo,16086.519999999999
keenetic,16108.989999999996
bond,16219.000000000007
homeart,16225.459999999997
vaiper,16226.839999999997
zimakrasavica,16238.149999999998
liebert,16249.999999999998
superlux,16349.779999999999
crea,16376.469999999998
topicrem,16394.54
suntech-msks,16396.380000000005
cailyn,16417.980000000003
nishane,16541.800000000003
playmates,16550.589999999993
qazaqkhan,16586.050000000003
crybabies,16591.77
jakkspacific,16597.16
masteryard,16614.329999999998
guliver,16620.57
steger,16666.65000000001
dfc,16703.960000000006
exost,16723.780000000002
dispho,16730.350000000002
mekkan,16859.85
antares,16873.739999999998
metsui,16922.070000000003
londa,16957.78
infinitynado,16959.28
blumarine,16967.529999999995
mooveandfun,16984.289999999997
kampfer,16994.09
skytech,16994.309999999998
cocoonababy,17028.6
dbpower,17067.520000000004
yh,17070.449999999997
promozer,17088.91
zarkoperfume,17117.02
nutricia,17145.739999999998
gazpromneft,17150.40999999999
petro-canada,17260.019999999993
aardwolf,17304.139999999996
kipocket,17351.360000000008
m-wave,17410.6
insight,17440.590000000004
marusa,17523.97
hammer,17575.030000000006
gehwol,17579.779999999995
beijing,17609.319999999996
detomaso,17660.530000000002
nyce,17671.499999999993
rebellion,17703.879999999994
ingersoll,17717.609999999997
rezult,17735.879999999997
xjewellery,17897.809999999998
rovus,17954.86
kingslong,17958.679999999993
cobi,18038.19
universal,18047.050000000003
san,18102.229999999996
standard,18118.050000000003
qcyber,18133.03999999999
shopkins,18200.34
houseofseasons,18244.099999999995
hama,18307.379999999994
homage,18360.99
promate,18366.579999999994
riche,18378.20999999999
unyjatlet,18379.500000000004
katun,18424.460000000003
taxi,18461.940000000002
drgans,18481.920000000002
ol-tex,18482.96
sigikid,18495.830000000005
lava,18532.030000000002
bayer,18537.05000000001
enya,18587.26
bekzatsport,18597.899999999998
sunbody,18630.919999999995
lihom,18636.06
berlingerhaus,18636.670000000002
millet,18642.329999999998
binatone,18647.500000000004
coolermaster,18713.120000000003
vard,18739.28
rizmo,18749.64
vellarti,18770.85
velo,18882.909999999996
belletti,18882.99000000001
taitong,18922.890000000003
halei,18938.360000000008
joyroom,18943.57
dekok,19033.35
stolline,19047.600000000017
micmax,19058.399999999998
gelflex,19088.930000000004
madina,19100.989999999998
citilux,19112.829999999994
aquilon,19162.079999999998
energolux,19193.010000000002
maman,19215.530000000002
adel,19250.409999999996
wiseson,19279.16
nikakids,19285.58000000001
magformers,19379.969999999994
fit,19380.129999999994
altinbasak,19445.979999999992
auratic,19508.729999999996
moose,19575.89
autojet,19611.530000000002
shakira,19656.320000000003
seasonic,19745.4
molten,19748.269999999997
crane,19797.08
elektrostandard,19800.22
akel,19807.5
casamorati,19820.5
siee,19834.569999999992
harmankardon,19847.42
wester,19977.64
dirkjebabywear,20016.629999999994
harleybaby,20017.779999999995
fortnite,20081.460000000006
xieming,20155.259999999995
strikemaster,20233.200000000004
lahn,20237.659999999996
mecta,20257.859999999997
starway,20355.949999999986
bartplast,20384.319999999996
ambition,20440.0
piatnik,20446.220000000005
kastamonu,20519.970000000012
spiegelau,20568.03
trendvision,20598.6
nascitaprofessional,20621.739999999998
ivaru,20657.219999999987
skv,20668.2
easycamp,20685.07999999999
leone,20725.860000000004
wellneo,20741.76
tima,20813.709999999995
mad,20814.62
torgue,20852.500000000004
hairdorables,20853.339999999997
mikrotik,20858.71999999999
f-power,21055.87
nuxe,21065.559999999998
lori,21251.470000000005
moxom,21260.060000000005
mastercraft,21283.120000000006
baboo,21374.83
toptools,21378.480000000007
champion,21391.670000000006
hobbyworld,21410.660000000007
arteolfatto,21427.26
widian,21589.74
boucheron,21705.020000000008
tisa,21814.479999999992
dvizenie,21859.859999999997
carlsbro,21931.079999999994
groundzero,21941.52
rheinberger,21949.97
huile,22022.64999999999
kohala,22052.04
italtrike,22052.769999999997
ruike,22069.68
bakugan,22087.04000000001
finezza,22136.899999999998
botticelli,22158.44
bombbar,22163.92
larktale,22221.319999999992
similac,22246.830000000005
moony,22251.290000000005
hightechway,22277.949999999997
traxxas,22281.520000000008
studiomaster,22368.559999999987
zwilling,22381.980000000007
rapala,22495.999999999993
slider,22503.64000000001
dr.hoffman,22563.08
shoesrepublic,22587.5
shima,22693.600000000006
asx,22780.490000000005
esse,22809.180000000008
shishi,22903.970000000005
campinggaz,22906.819999999992
soundstream,22924.550000000003
labo,22946.339999999997
masterfish,22959.99
eurol,22972.040000000005
arkadia,22990.4
avaloncarpet,22995.249999999996
sencor,23120.11999999999
zara,23165.089999999997
kaleos,23171.720000000005
vipe,23172.729999999996
caraya,23177.76
aksion,23195.81
normann,23222.640000000007
freefeet,23260.389999999996
zorg,23288.589999999997
popurri,23293.890000000003
gembird,23316.48999999999
slaro,23326.560000000005
lcf,23342.109999999993
vasilisa,23393.42
emporioarmani,23661.95
sabian,23682.739999999998
fracescodonni,23839.03
paiste,23949.850000000006
enkei,24093.359999999993
camshel,24094.399999999998
swarovski,24098.859999999993
tega,24155.280000000006
interskol,24184.939999999995
palisad,24191.570000000003
yema,24276.350000000002
lel,24287.250000000004
ducray,24323.140000000003
saeshin,24341.32000000002
miolla,24351.52
standart,24536.85
marcotozzi,24560.53999999999
rodi,24587.170000000016
bona,24662.289999999997
neff,24699.77
uragan,24760.189999999995
neva-taft,24826.490000000013
eco,24877.659999999993
kativa,24882.79
avrora,24955.370000000003
retrosuperfuture,24955.579999999998
gnu,25005.779999999995
jomalone,25203.410000000003
kidkraft,25238.809999999994
ballistix,25307.99
hap-p-kid,25309.170000000002
tascam,25395.880000000005
marta,25453.240000000005
belcat,25506.95999999999
aqualife,25580.550000000003
redpower,25586.180000000008
remeza,25597.68
redken,25653.509999999995
underarmour,25714.259999999987
teyko,25746.199999999993
westone,25830.880000000005
mykita,25911.23999999999
qq,26086.339999999986
hori,26122.160000000007
strunal,26175.769999999993
ferre,26179.150000000005
beisier,26191.000000000004
classen,26269.44
adelline,26296.289999999997
yika,26299.469999999998
esun,26304.4
alavann,26326.899999999998
mccan,26381.859999999993
topex,26489.76
minimen,26528.109999999993
zegan,26579.12
tmnt,26821.350000000002
interos,26830.06
henglei,26855.94
etalon,26891.319999999996
arstisa,26976.700000000008
enough,27012.220000000005
air-cool,27084.410000000003
d-clinic,27097.4
doubleeagle,27102.53
ogreen,27215.840000000004
merry,27223.990000000005
sharp,27232.270000000004
lessar,27286.350000000006
aolais,27303.360000000008
maytoni,27339.899999999994
skandika,27496.339999999997
aletant,27561.150000000005
sibirskietovary,27670.260000000002
sterntaler,27681.760000000002
terminus,27694.6
homeelement,27743.540000000005
favourite,27935.159999999985
chingching,27953.839999999986
ronas,28188.36
konami,28257.689999999995
beyblade,28282.740000000005
energysistem,28293.420000000002
autopower,28318.06
kuhar,28332.449999999993
creative,28367.349999999988
otani,28372.75
haushalt,28380.870000000003
nerf,28486.079999999994
valve,28498.600000000002
pampers,28503.280000000002
nanotex,28541.52000000001
mexx,28573.98
aimile,28619.04
ugreen,28648.5
sensis,28692.019999999997
baldessarini,28696.82
mstar,28720.73999999999
marker,28765.999999999985
francescodonni,28820.850000000002
bibalina,28842.0
tuncmatik,28951.27000000001
greenworks,28978.96
nioxin,29162.23000000001
cadelvetro,29318.610000000004
pnb,29486.889999999967
natrol,29495.500000000004
nvidia,29543.779999999995
portcase,29607.440000000002
avina,29654.089999999993
embawood,29698.699999999997
babymoov,29773.95
ronthompson,29831.139999999992
aileron,29951.840000000004
fendi,29995.08999999999
kacper,30094.879999999997
merida,30183.400000000012
whitewave,30402.089999999997
syntrax,30562.11
spaquatoria,30601.809999999987
tv-shop,30648.719999999994
patrino,30659.520000000008
dreamwave,30765.420000000002
oralcare,30812.400000000005
invader,30888.799999999992
tpmaster,30905.590000000004
delkor,31022.749999999996
capella,31069.59999999999
allvega,31121.880000000005
devente,31135.129999999986
carhome,31295.58000000001
urgaz,31306.140000000003
leagoo,31418.210000000006
must,31450.23999999999
davinci,31462.92
bentley,31536.999999999993
orimag,31569.84999999999
whistler,31598.849999999995
hre,31738.250000000004
merealni,31765.57
naomi,31870.600000000013
ag,32019.510000000002
cullmann,32027.050000000003
vitaluce,32035.34
loctek,32119.01999999999
parklon,32299.480000000007
headrush,32335.16999999999
brahner,32359.12
ramili,32388.950000000008
eurosvet,32389.480000000003
orico,32472.559999999998
raidmax,32531.699999999993
mackie,32652.119999999995
kiddieart,32875.00000000001
audac,32907.06
make-upatelier,32925.57
elitech,32926.380000000005
stalemal,32972.590000000004
dilis,33014.21000000001
tokler,33086.11000000001
toneybaby,33091.62999999999
nestogen,33180.54999999997
la-di-da,33230.58999999999
stryj,33250.47
vasin,33262.98999999999
svar,33287.22999999999
wowwee,33369.619999999995
lucentesilver,33404.3
troyka,33445.560000000005
sms,33617.429999999986
keeway,33710.11000000001
brizoll,33791.77
candide,33818.390000000014
andrewfuchs,33846.399999999994
bluedio,33889.68000000001
vilatte,33944.45999999998
musclepharm,33948.67000000002
wibtek,33989.63999999999
babyhit,33990.28
eltreco,34132.27999999999
lux-tools,34162.59
calve,34252.62
startradingab,34303.91
magellan,34664.49
farmavita,34782.46
myprotein,35019.03000000002
gerdamix,35074.36
greenpro,35080.860000000015
basik,35093.0
blg,35120.67
jinjianfeng,35306.0
measy,35521.2
osann,35525.80000000001
selective,35559.82
ralphlauren,35573.49
exnihilo,35701.77000000002
goodram,35704.98000000001
karaja,35730.62999999999
wuw,35821.7
now,35862.67999999999
hyper,35988.33000000001
kuttenkeuler,36008.81000000001
rozenbal,36049.94
acm,36102.509999999995
hartung,36114.07000000001
lukojl,36394.600000000006
zoom,36417.58000000001
cityrover,36422.96
nillkin,36461.14000000002
raval,36653.20999999999
taller,36668.88999999999
creoceramique,36697.109999999986
uomo,36824.43999999999
x-foot,36833.460000000014
davita,36979.860000000015
phanteks,37067.47
merach,37079.240000000005
dsppa,37101.319999999985
maak,37190.04000000001
mcculloch,37190.880000000005
akva,37397.86
nagano,37469.33999999999
presonus,37483.96000000002
tyr,37559.67999999999
royal,37717.21000000001
greentek,37964.9
sinisalo,38024.91
weifeng,38060.75000000003
mrm-power,38121.889999999985
marcotozzipremio,38460.979999999974
gitzo,38497.82000000001
strong,38508.40000000006
arms,38517.19
wert,38538.12999999999
lite-on,38581.140000000014
anahickmann,38769.64000000001
honhongvictorygroupltd,38796.53999999999
ravenol,38816.94999999999
nord,39359.64
niio,39435.66000000001
maxmara,39439.95000000001
gesso,39456.189999999995
booil,39460.76999999999
tucano,39517.83000000001
monro,39542.41999999999
rochas,39556.810000000005
hotwheels,39622.26999999998
frozen,39822.15000000001
nacon,39961.350000000006
napoleon,40071.90000000002
sakura,40163.70000000001
maxcity,40201.59000000001
hitechnic,40213.38999999999
isntree,40219.36000000001
julbo,40240.14999999997
mongoose,40282.41
edcon,40353.799999999996
malushen,40397.130000000005
aiken,40398.35
heco,40491.119999999995
scooter,40518.299999999996
sisley,40534.729999999996
doupro,40553.89999999999
colourpop,40832.88999999999
optimus,40972.10999999999
vt,41009.329999999994
josephjoseph,41013.76
kiepe,41027.50000000002
apex,41105.92
mojdodyr,41166.24
sima-land,41244.509999999995
cronos,41254.8
zhejiang,41289.91000000001
scool,41301.92
davidoff,41306.12000000002
besty,41483.74
kress,41827.639999999985
royalblack,41839.209999999985
coopervision,41982.960000000014
bluesonic,42042.12000000001
vaude,42145.380000000005
pyrex,42252.619999999995
segotep,42272.60000000001
graf,42274.80000000004
greentrees,42278.32999999998
salmo,42397.01
faber,42471.07
micromax,42822.17000000001
etaltech,42890.42
bykilian,43194.61
g.skill,43431.6
finish,43503.229999999996
misty,43699.229999999996
holder,43782.88
esab,43811.57
shoiberg,44004.34000000001
jawbone,44165.960000000014
sonor,44187.31000000002
canam,44196.38999999998
hubeiindustrialaimiletrading,44285.12000000002
ural-mikma-term,44359.52
herman,44512.47
promountain,44618.520000000004
stolicatekstila,44630.25
impex,44698.390000000014
serebro,44805.83000000003
alexandre.j,44887.479999999996
algotherm,44913.099999999984
zimneevolsebstvo,44928.25000000001
ladida,45124.94999999996
bro,45140.14999999999
lorellibolgaria,45263.21000000001
eltex,45361.76
bvlgari,45645.10000000002
fotomate,45699.19000000002
cellarprivate,45787.210000000014
tao-tao,45850.299999999996
biostar,45865.939999999995
sdt,45934.840000000004
vmv,46231.639999999985
dariush,46363.65999999999
geitaran,46379.49999999998
homy,46425.99999999999
boyscout,46460.97999999995
biemmedue,46668.089999999975
metalions,46832.5100000001
konig,46848.14
swissline,46898.54999999999
zfts,46964.00999999999
seintex,47236.20999999997
zebratoys,47291.03999999999
nobby,47332.33999999998
liberty,47440.170000000006
deton,47510.72
areol,47740.60999999999
obsessive,47839.67999999998
kaplanser,47840.32999999999
circle,48001.550000000025
x-level,48027.890000000014
nutrend,48038.58999999998
spinmop,48097.28000000003
betsy,48114.32000000001
vissol,48177.44999999999
vitra,48226.47000000001
rogervandenberghenv,48290.880000000005
sinbo,48438.77000000001
ifree,48845.799999999996
apart,49033.88999999999
intro,49208.31
dickie,49363.830000000096
maisto,49373.7
muscletech,49533.159999999974
mefro,49877.649999999994
hisar,49901.60999999997
inmotion,50001.390000000014
llarri,50004.06000000001
mars,50146.93000000001
ga-de,50405.04999999999
nowystyl,50520.350000000006
yuandong,50529.41000000001
his,50667.23000000001
alcon,50720.569999999985
delimano,50737.560000000005
beeline,50839.74
fisherman,51067.810000000005
makstton,51223.82000000002
koss,51237.969999999994
flexter,51246.130000000005
vtech,51309.67999999999
rapid,51369.11999999999
fagor,51474.87
handwers,51608.41999999999
roblox,51626.19999999991
boss,51667.039999999986
yamaguchi,51901.04999999999
visage,51930.45
temp,52131.91000000001
swissmilitaryhanowa,52279.32000000001
alpika,52337.11
lina,52402.159999999974
snez,52617.68
misfit,52775.73000000001
magma,52779.16000000001
enermax,52828.439999999995
progress,52932.659999999996
babycarrier,53000.20000000001
lexmark,53028.5
merries,53044.480000000025
haday,53162.55000000003
kogaz,53228.020000000004
ttco,53236.98000000003
canton,53281.44
ballarini,53398.240000000005
domenik,53427.82999999992
crosby,53520.93999999999
nutribullet,53556.46
granicom,53667.13
geoffanderson,53724.000000000044
atrai,53860.500000000015
danau,53867.95000000001
praktik,53972.91999999999
hq,53977.700000000004
scoole,54240.31000000001
metrot,54291.33999999999
inter,54552.48000000001
westerndigital,54677.04999999999
valentino,54720.479999999996
bethesda,54834.720000000045
bfsnowboards,54840.68
walfix,54930.200000000004
ampeg,55015.73
kunlun,55192.67999999999
pccooler,55351.62000000001
masstone,55376.349999999955
borovici,55797.100000000006
alumet,55974.05
zapco,56294.67999999997
serebroff,56349.68
tenda,56402.710000000014
arturia,56561.990000000005
arno,57001.69999999999
police,57019.98999999999
elizavecca,57402.92000000001
polese,57461.88000000001
ourgeneration,57565.13
tamron,57593.39
pearl,57606.64000000001
calligrata,57707.11999999999
krasatoys,57761.13999999999
zapfcreation,57769.03000000002
cellio,57802.34
nan,58032.239999999976
jimmychoo,58060.03
camptown,58100.19000000003
tigerking,58644.280000000006
goalzero,58726.540000000015
fresh,58844.25999999999
oukitel,58936.899999999994
rovigo,59111.31999999998
falmec,59198.249999999985
ausini,59413.439999999995
fostex,59497.17
on,59554.04000000001
poholy,59580.170000000006
converse,59663.77
sacvoyage,60004.930000000015
wolf,60119.95000000001
kale,60153.00000000001
ken,60435.469999999994
moov,60458.159999999996
fitwell,60637.97999999994
keenway,60671.149999999994
amen,60769.549999999996
telefunken,60850.55000000005
speroni,61025.59999999999
cmt,61342.26999999999
yoga,61390.40000000002
romack,61443.35000000001
storm,61449.63
wh,61483.01000000001
zerten,61590.570000000014
besafe,61773.47999999999
stabila,61785.09999999996
lumene,62182.369999999966
havit,62248.76
cmi,62341.43000000001
julong,62489.54
rossignol,62549.420000000006
sbw,63097.23000000002
epiphone,63129.33000000001
smk,63139.69999999998
meinl,63215.770000000004
jika,63419.310000000005
crossstreet,63423.360000000015
everlast,63626.590000000004
cityup,63784.250000000015
ubiquiti,63822.460000000014
noryalli,63828.02000000002
keune,64055.030000000006
pequetren,64248.66
tempish,64462.47999999999
kaier,64686.33
prolike,64742.99
simpleparenting,64817.510000000024
tundra,65022.04000000001
centara,65093.75999999998
a-mega,65144.01
dolcevita,65184.31000000004
simurg,65383.279999999984
iddis,65436.819999999985
beyond,65567.54999999997
coty,65618.91000000003
santa-cruz,65838.98999999998
kiddy,65935.82000000002
gemei,66027.61000000003
gtrwheel,66101.8
baymak,66111.69
novatrack,66162.93999999999
fant-mebel,66196.25999999998
fisherprice,66306.35
acuvue,66395.96
gracecole,66489.32
remo,66520.60999999999
mozgamebel,66590.92
mdv,66746.77999999998
hamilton,66774.57999999997
hubsan,67099.43999999997
karavaevskaauf,67772.88000000002
derspur,67805.71000000002
timson,68043.88999999998
alexandermcqueen,68135.2
babolat,68166.15
carwel,68181.26999999999
cifyurm,68230.11999999992
lubereckiekovry,68231.70000000001
irest,68239.40000000001
romer,68243.16999999998
pro-ject,68730.62999999999
kirkland,68940.94000000003
onkron,69104.34
ildi,69345.49999999997
cliff,69371.74999999999
mammut,69380.83
andeks,69759.93000000001
baudet,70236.27
hugoboss,70240.54000000002
antika,70245.20999999998
kona,70263.41999999998
creo,70301.12999999999
evenflo,70441.37000000001
azzaro,70482.19
centek,70573.68000000002
royallondon,70584.37999999999
envision,70600.81
zeetex,70848.89
marcjacobs,70872.17999999998
samsonite,71038.02000000002
boto,71063.75000000003
teamgroup,71249.14
apriori,71331.96000000002
crescina,71383.41000000002
aces,71609.70000000001
bourjois,71717.54999999999
puckator,71826.69000000002
tomoloo,72115.62000000001
value,72330.26000000002
jonnesway,72533.2
bkf,72709.41000000002
helios,72856.43999999999
kerastase,72976.22000000002
larsen,73121.0
damask,73249.18
bwell,73279.22000000004
helfer,73421.9
hollicy,73597.48
carrera,73807.23000000001
sksportivnaakollekcia,74037.95000000001
marley,74110.31
castrol,74509.52999999998
ural,74590.12
niche,74596.36000000003
cobra,74786.58999999998
s.a.n.,74864.79999999999
butterfly,74872.74999999999
fitrider,75200.09999999999
artway,75266.67
maestro,75271.44999999997
shindo,75331.33
neposeda,75383.31000000004
jasmine,75519.95
dormeo,75640.82
leaderkids,75981.37
helvi,76030.46
withings,76040.44999999998
ching-ching,76052.17000000003
marshal,76186.99
mercedesbenz,76216.13999999996
adagio,76252.35
pasabahce,76305.76
truva,76383.58000000005
colombo,76750.14999999997
tutti,76973.81999999996
forlux,77053.30999999998
capcom,77063.13
zobo,77182.02000000002
btwin,77220.0
maxion,77383.47
plano,77408.26999999999
claudedozorme,77590.66
greentree,77722.72000000002
kyocera,78106.81000000004
adam,78259.32
babys,78302.55
ravak,78304.90999999999
motul,78461.37999999999
emal,78714.27999999997
gomeldrev,78941.47999999998
babygo,79103.39000000001
teknetics,79242.0
oley,79421.71999999997
joieanglia,79444.74000000002
microfire,79713.12000000001
gabor,79939.52999999997
mgaentertainment,79983.46999999999
amarobaby,80029.51999999999
dsquared,80788.5
diamond,81320.57999999997
makers,81430.03000000004
triumphnord,81712.76000000001
juventa,81992.13
nortec,82243.54999999999
ecosoft,82362.74000000005
cablexpert,82524.24
etro,82885.30999999997
iwalk,83151.42999999996
biema,83785.81999999999
orange,83903.2599999999
crockid,83947.16999999997
rossinka,84072.50000000001
catunltd,84423.05999999998
kontinent,84477.20999999998
inhouse,84526.78000000003
rode,84535.37000000001
micro,84948.04000000001
becker,85008.71
kubanfarfor,85441.00000000004
estap,85511.22000000003
nadoba,85662.90000000001
stinger,85890.84000000001
lumme,86108.45000000007
veho,86179.14000000001
deviser,86509.92999999998
libtech,86542.82
seed,86563.90000000002
replica,86827.04999999999
panouge,86891.10000000002
stonelock,86950.28999999998
domasnijocag,86950.85999999996
christina,87464.44999999994
calorie,87561.53
kraftool,87671.36000000002
visavis,87777.88999999998
beurer,88029.59999999998
dulevskijfarfor,88198.22000000004
caravanmusic,88288.2
luris,88343.05999999998
belka,88398.78999999998
kabrita,88411.76999999995
mutsy,88594.65999999999
alexrojo,89307.48000000001
niznekamsksina,89462.51
wincars,89537.23000000001
moliabal,89569.49
engenius,89734.14
mz,89736.73000000005
aldit,89779.59000000001
nanga,89941.89
breezeboat,89997.84
schreuders,90124.49999999999
yunteng,90326.56
avene,90390.42999999998
rw,90447.84
brumer,90463.22999999997
uta,90503.97999999997
comma,90544.32
scoyco,90746.34000000001
gaint,90964.64000000004
omnimount,91052.85
cardrox,91291.15000000001
bravo,91839.24999999996
sospiro,92012.47
mif,92059.58000000006
w-star,92533.07000000004
momentum,92870.53999999996
hilti,92998.60000000002
agu,93067.16
momert,93123.51999999997
hiper,93199.36
pensofal,93297.98999999998
roadcruza,94461.8
dearest,94744.84999999998
erisson,94785.19999999994
t-rex,94841.45
hjc,94896.12999999999
alilo,95101.35999999997
textura,95419.35999999999
rivacase,95502.88
eviza,95565.76000000004
phantom,95807.9400000002
sega,96257.01000000002
basaran,96412.65000000002
dunavox,96593.88999999997
hanma,96925.33
genius,97836.26000000002
aquavis,97924.09
kgc,98021.93
smalvic,98176.81999999999
simonettaravizza,98419.33000000006
proxxon,98678.87
dermacol,98830.29000000011
info,98853.63999999998
joerex,99212.04000000001
wsp,99384.56000000004
amf,99422.19
sasta,99425.04000000002
teslastyle,99512.95000000003
konov,99650.05
rextor,99705.98000000003
altair,100166.65
nissan,100369.05000000003
wster,100514.1
sky-watcher,100746.89999999998
arai,100996.44000000002
fli,101137.66999999997
dymatize,101321.10999999999
vista,101664.76999999999
carcam,101948.26999999999
medalist,102016.78000000001
rotiform,102164.58000000007
tridevatoecarstvo,102217.14999999998
ocag,102237.43000000001
alphaline,102548.23
armos,102766.30999999998
slonimmebel,102859.19999999997
florentina,102983.78
vans,103183.29999999999
oster,103236.62
lol,103766.78
arcodoro,104105.19999999991
elysium,104427.03
confetti,104505.10000000028
claudebernard,104904.36999999998
yokatta,104966.28999999995
lolsurprise,105017.83
graco,105060.45
agl,105156.9
graphite,105224.19
kovea,105615.59000000005
cacharel,106034.62999999999
raceready,106052.11999999997
alex,106661.45
chub,106795.26
roadmarch,106837.86000000002
bioderma,107507.56999999998
tuka,107527.90000000002
amefa,107647.14999999998
light,107671.23000000003
nodor,107912.88000000003
medela,107914.16
egg,108204.05000000002
bazhou,108441.52
nutrex,108976.75000000004
laudio,108995.58000000002
nutrilon,109051.83000000019
sabyrzhanayrin,109425.18000000017
stinol,109443.15
mitasu,109717.10000000006
travellight,111025.47999999997
seanovo,111163.81
wahl,111185.31000000004
sonyinteractiveentertainment,111348.59000000021
buffalo,111407.99000000002
tesoro,111596.14000000003
rockstargames,112130.68999999993
alctron,112176.98000000001
arsi,112425.3
zyxel,112470.01
clarion,112706.48000000001
kolo,112716.90000000001
suave,113390.43999999997
globber,113676.43000000001
harp,113822.38000000002
fivestars,113891.64000000007
wortex,114121.45000000004
tobot,114779.43000000001
libero,114931.87000000004
benebaby,115029.77999999998
caiman,115092.0
airline,115130.07999999999
graffiti,115543.77000000002
gamdias,115668.96
terris,115820.34000000004
kaemingkbv,115877.98000000001
helix,116549.53
perina,116842.58999999995
sergiorossi,116868.09000000003
zhejiangjiajia,116943.06
bradex,116995.41000000006
mosconi,117127.87000000002
victorinox,117269.06999999999
vladi,117312.71999999991
roingto,117393.01000000001
evrika,117495.76000000004
cyberpower,117624.48000000004
autoprofi,117840.98
sinusprofi,117926.44
mjx,118334.12
first,118387.18999999987
wallberry,118417.29999999997
bompani,118627.25
verbatim,118700.85
lidonet,118714.37999999996
k-star,118880.56000000001
bonvini,119323.78999999998
rockdale,119893.98999999998
jetem,120028.39
pintinox,120283.15
lange,120476.73
shogun,120621.63999999998
fisher-price,120626.69999999998
rosato,120783.17
cowon,120955.37000000001
biotech,121207.95000000001
gerber,121404.76999999997
sinotex,121758.27000000003
jockey,121763.63000000005
belux,121953.08000000002
remix,122007.81999999993
gkhair,122075.23000000001
okuma,123229.77999999991
kingtony,124736.85000000003
rika,125195.54000000001
albertocasiano,125355.34000000008
gimi,125785.51
walkmaxx,125934.83999999988
kainar,126022.77999999996
pinus,126165.53
avel,126292.30000000005
maxima,127048.21999999996
autovirazh,127057.23999999995
listvig,127074.91000000002
arrivo,127259.21999999988
basharan,127338.75999999998
bburago,127399.59999999998
steppuzzle,127836.46000000004
pangao,127896.16000000003
koffer,128035.52000000002
awei,128126.74000000012
kawasaki,128261.12000000001
fissler,128459.20999999998
ghnfitness,128574.0
hifiman,128750.45000000001
masi,128900.72000000002
rokids,129371.40999999997
mtx,129604.58
alligator,129894.98999999999
ansmann,129959.75999999998
micio,130055.86999999998
dynastar,130068.70999999998
outwell,130087.43
voltmaster,130476.65999999999
solite,130643.91000000003
versus,130815.5
payot,130845.70000000003
hilo,130881.33000000007
next,131050.75000000001
childhome,131071.78
calvinklein,131340.01
vertex,133159.19999999995
mastela,133178.09999999998
gosh,133330.76999999996
ecotex,133473.22999999992
merkurij,133570.26
mersedes-benz,133859.48
avs,134035.34000000003
mobil,134044.89999999997
kronwerk,134098.33999999994
asustor,135040.46
scierra,135236.77
regent,136199.14000000004
admira,136216.40000000002
dragonfly,136223.32999999984
kelly,136228.82
verossa,136542.91999999998
bulin,136684.11999999985
dardav,136980.0499999999
husky,137171.18999999994
toro,137647.8499999999
fiio,137763.77000000005
cinemood,137871.3
amtel,138030.2
zlatek,138137.83000000013
sea-doo,138276.47000000012
fitchbaby,138749.80999999988
wing,138897.38000000003
dynamic,139704.10000000003
apollo,139713.73999999993
kx,140443.62000000002
suzuki,140467.43999999994
disney,140657.38999999996
bugati,140922.49000000005
triumf,141138.81000000003
elf,141174.82000000004
peak,141517.29999999996
hausmann,141557.5099999999
crona,142303.87999999998
ferrari,142922.96000000002
line,143043.13999999998
rubineta,143148.75
wurth,143201.03999999995
salewa,143834.46
kronospan,143936.32999999987
greenway,144340.49000000002
embryolisse,144719.43999999997
wenge,145308.30000000008
glamglow,145323.15
cameo,146779.65999999995
rapoo,146909.7200000001
proel,147099.44
soundking,147516.78000000003
maclaren,147698.57999999996
bovidix,147826.71999999994
maxpro,148445.50000000015
porsche,148790.06999999998
achilles,149010.15000000008
emsa,149117.21999999997
wilson,149247.92
alca,149267.85000000006
goodloot,149621.59999999992
babybotte,149679.49000000002
attribute,150270.3099999999
sandisk,152086.90999999995
body-solid,152131.42000000007
deppa,152506.98000000007
dune,152509.25000000003
hartan,153154.69999999998
chameleon,153413.51
koopman,153604.74999999994
dirkje,153836.0599999999
i-baby,154814.66000000006
totalbox,155294.37999999998
cameron,155727.43000000002
hauck,156594.04000000004
moonybaby,157032.75
aux,157839.4
indigo,158355.57000000004
deuter,158488.15999999992
origins,158640.46000000002
turbosound,159295.03999999995
witerra,159465.43000000002
spinmaster,160601.98
sheba,160691.65
halmar,163553.77999999997
zalman,164004.38000000006
toyland,164057.93999999997
starmix,164597.61000000004
huanger,164712.6799999999
dsp,164978.95999999996
colorful,164985.14999999994
cayin,165606.00999999998
grape,165726.34000000003
nobu,165925.90000000002
ventara,166856.3300000001
toway,167181.52
rotor,167630.87999999992
kelli,168235.0800000001
cata,168867.55
machaon,168891.0999999999
spur,169399.58999999985
max,169705.63000000006
bair,170338.36000000002
sunsystem,171236.31999999998
agatharuizdelaprada,171464.08999999985
prestige,171547.57999999993
giorgioarmani,172799.48999999996
sigma,172817.87
annovireverberi,173548.22999999995
ant,173807.14000000007
ivt,173981.04
cnd,174003.48000000004
flambeau,176091.74000000002
scher-khan,176303.69999999995
lalique,176744.03999999998
tognana,177139.60000000003
biomecanics,177317.49999999997
lorus,178060.37
teorema,178622.53999999995
levante,178938.79
dongma,179577.72
silhouette,180231.84
dunhill,180429.12
comfee,180875.56999999998
nux,181306.61
dls,181374.32999999996
glamvers,181906.03
saferich,182590.49000000002
trevorjames,183479.04000000007
jacobdelafon,184101.00000000003
afox,184237.79999999993
peruzzo,184569.52000000005
machete,184787.46
babywood,185869.4700000001
sumdex,185944.67000000004
qnap,185980.04999999996
sharking,186345.52000000008
chieftec,186652.17000000004
wellberg,187206.79999999993
technogym,188357.00999999995
dab,188823.75
tanglewood,188855.29
alterna,188929.34
burberry,189531.01
polaroid,189627.65999999997
volkl,189767.72999999998
veritas,189916.26999999993
bbk,189949.48000000013
amos,190095.80000000002
ibaby,190240.65000000002
wehncke,190276.04
sunsuki,190635.27000000005
masei,191350.6
rcr,191603.62999999998
mersco,192498.68999999977
terra,192610.17000000007
benq,193344.48
a-case,193836.44000000003
electronicarts,194690.16
ibanez,194839.74000000002
fengnix,195760.42999999988
travelite,195910.65000000002
febest,196048.47000000003
infinity,196135.7699999999
garanterm,197087.64000000007
mebels,197194.5
amatis,197572.97999999992
carters,197737.64000000013
jiaxingharleybabycar,197806.8
gemsy,198581.41999999998
avis,199159.8799999999
barty,199873.83000000002
nitecore,202576.61999999997
anon,202682.52
missha,202739.89999999994
collistar,203078.65000000005
felisatti,203140.96999999997
lonex,204179.73
method,204638.29999999996
baratto,205857.5899999999
huggies,206830.48000000024
fancy,207342.3399999985
rucelf,207547.87
modern,208157.91
alexika,208595.98000000004
quatro,208623.73000000004
gladen,209094.31000000003
pierrelannier,209121.1599999999
higashi,209657.02
vobix,210178.9900000001
ara,210511.33000000005
electronicsdeluxe,211249.56000000006
afnan,211702.25999999995
tech-line,212440.08
nikotex,212454.02
anreks,212468.77000000005
sordiant,212894.06999999983
tarkett,213282.74999999916
cezaris,213365.91000000006
advan,213366.19999999987
senspa,213466.27999999997
samson,213590.8800000001
valberg,214028.55999999994
adile,214312.46000000046
aeg,214456.51000000004
corsair,214967.56
memo,215128.56000000003
recaro,215276.13
tonar,217024.46999999988
alvitek,218812.31000000006
wingo,219562.48000000013
demiray,220224.31000000008
kelet,220440.48000000004
greenpan,220927.20999999993
mora,221270.97000000003
maxler,221657.32000000004
belashoff,223985.54999999993
olsa,224568.55
scovo,224625.7
rajton,225109.60999999996
compasal,227225.8900000001
yjfitness,227463.06000000006
protherm,227557.00999999995
sunmi,227758.58000000005
ssm,228145.81
minerva,228245.9400000001
longstyle,229319.09000000003
siger,229945.69999999992
gskill,231436.5000000001
kovi,232919.34000000003
brevi,233134.52000000002
leefitness,233336.20000000004
gulliver,233948.11999999982
merrylock,234140.11999999994
veston,234192.01999999987
phillips,234275.69000000003
gardena,234702.83000000002
pentax,234723.85000000003
fujida,236140.40000000002
remax,237525.68999999974
escada,237898.13
prology,239230.62
dds,239382.2300000001
fischer,239955.54000000007
id-cooling,241162.42
x-race,241802.07000000007
akg,242073.3
bardahl,243313.06000000026
tako,243699.15
bravat,244100.32000000004
plextor,244504.59000000003
karma,244507.55000000005
jackson,244695.62000000005
aquapick,245190.0999999999
popov,246546.36000000007
zotac,246572.6799999999
d-link,246797.45999999996
sibrteh,247898.13999999984
genebre,249835.17000000004
hotmom,250601.72000000006
kessler,251432.0
celine,251442.78
aquamarine,252082.27000000002
didistyle,252277.73999999985
aria,252791.05
char-broil,253328.36
profiko,254748.77999999982
tristar,255510.03000000006
snowcap,256398.22999999963
qiangchi,256649.08999999994
trussardi,256911.68999999992
mebelgrad,257255.44000000053
kipor,258508.65000000002
dam,260298.3199999999
junama,260419.13000000003
ricoh,260749.16999999998
signal,260787.07000000004
zinvo,260964.81000000003
altenzo,263282.34
sports,264131.1200000001
pupa,264339.8799999999
fabretti,265283.04000000044
blueseven,265406.24000000034
brateck,265443.8299999998
bsn,265628.07999999996
aeolus,266704.49999999994
pinghudakebabycarrier,267228.53000000014
schecter,269125.36999999994
dion,270035.99000000005
baroque,270991.75
kpt,271732.46
energizer,272163.2799999999
mebelservice,272609.23999999993
hermes,272732.89999999985
festina,273294.60000000015
dreammachines,273786.4899999999
leader,274121.1900000001
master,274146.3299999999
tianzhanfitness,274425.20000000007
fanline,274660.28000000014
galanz,274797.2799999999
erbis,275644.69999999995
gerbor,275671.5699999999
muqajankz,275999.8099999999
ikkm,276094.1599999999
mirage,276299.8599999998
continent,276957.74999999994
bushnell,278195.94000000006
gys,279056.31000000006
bambini,279390.49
rainbo,279648.7399999999
acv,281763.72
pajak,281876.79000000004
delux,282061.74999999977
skillmax,282275.57999999996
triumphtree,282464.57999999996
genlog,282506.94
coolfort,282619.0199999999
lemaks,282755.8500000002
tomford,284551.74
ortega,284912.21999999986
jeep,285393.5
krause,286400.55
markbass,286465.69
chairman,286967.9700000001
drjart,287153.2900000002
edon,287313.53000000026
byintek,288130.86000000016
dremel,289377.91
orla,290628.48
plitex,292520.6099999999
siberia,293239.4599999999
westa,293278.3900000001
maxvi,295007.72000000044
hotner,295033.43999999994
telwin,295307.45999999996
americanmotionfitness,295906.89999999997
miele,297548.67
sanita,298459.43
jinga,299590.62
baige,299877.98999999993
jabra,300876.94999999995
agness,302784.08
kingsong,302802.76
schwinn,305947.83999999997
welss,307064.4199999998
gamma,307817.0700000003
remonte,309238.59
mattel,310741.64
farcar,311248.6999999999
mydean,311322.25000000006
nzxt,311612.17999999993
dahon,313776.53999999986
sparta,314168.05
smashbox,315461.08999999985
forcekraft,316343.85999999975
welly,316982.46000000613
sardes,317632.16000000015
grow-with-me,317931.9900000004
family,318712.68
rockforce,319800.8399999999
holiday,320266.12000000005
olto,320788.16000000003
tch,321053.95
emer,321577.87999999983
redragon,323184.8700000002
realflame,324921.1399999999
cam,326710.2899999999
hoco,326926.9000000004
synology,327018.61999999994
rostok-mebel,327562.9999999996
trinx,327855.1100000001
atomic,327857.47000000003
volcano,327884.38999999996
hpe,328069.99000000005
dendy,328206.03000000014
santeri,328351.5799999999
nz,329045.81999999966
leo,329725.74999999994
rosa,331501.9600000001
lenso,332287.59000000014
shaik,332390.49000000005
sunday,332839.8
gretsch,333165.05
nania,334140.27
olmio,336584.4500000003
yvessaintlaurent,337394.94999999995
mamadoma,337498.8400000001
mebelev,337651.5
liv,337754.11000000004
maisonfranciskurkdjian,339895.23
akai,342400.67000000016
jacqueslemans,343344.3099999998
stockli,344485.4699999999
blanco,344716.98999999993
goform,344861.4200000001
jetair,344934.05
waterpik,346381.82
wilo,346593.5399999999
pro-karaoke,347229.51999999996
marcomen,348489.2000000003
babykiss,350700.8300000003
activision,351026.8199999996
gionee,351391.78000000026
delsey,351662.76
cavanova,352206.93000000005
arena,353159.89
exide,355600.8699999999
kingtul,358148.9599999998
blackbox,358495.3699999997
zemex,361266.16999999987
kronasteel,361477.39
fantasia,362345.35
orium,363394.81000000006
usams,363784.71000000014
denn,364124.11000000004
polti,364452.43000000017
bmw,366557.6099999997
vichy,366915.9200000003
solostyle,367216.61000000016
sulu,367258.3199999996
evga,367962.3999999999
gran-stone,369031.04
otex,371001.35000000003
parrot,372434.74
atoll,373008.7
fuel,373137.4999999998
decoroom,373664.80999999994
dizel,373709.60000000027
yato,375100.64000000013
morel,375292.57000000007
akvarel,378898.1999999998
verloni,380980.91999999963
robotis,381729.22000000003
manke,382698.42
hb,385224.71000000066
tamiteks,385828.05999999994
mutant,386831.0299999996
shell,387346.5199999993
nexttab,388673.5
rombica,390687.5400000001
egreat,390780.9899999999
babor,391473.99999999977
botas,393756.9499999995
oral-b,395905.8699999993
micuna,397249.2300000001
kink,398388.74000000005
arua,399216.08999999985
novline,399735.4300000004
maxi-cosi,400371.4
neumann,401413.37000000005
russia,401677.87999999995
rosetta,404585.28000000026
stayer,404977.90000000014
lotos,407482.01999999944
onlitop,407488.8100000003
stokke,407584.93999999977
mbs,408836.6699999999
reima,408919.28999999934
badlandgames,409703.08999999997
sledopyt,412661.3700000001
omero,415718.0199999999
lesozavod,416086.94999999995
jumper,416999.2499999999
mio,417831.72000000003
e-twow,420584.1900000001
pandect,422087.88999999996
alcasta,422731.43999999965
specialized,425684.20000000024
elica,428401.6
optima,428694.90000000014
ubisoft,429757.89999999997
mystery,432516.3800000004
babyzz,433309.19999999995
moser,435228.63000000024
kranzle,436878.48999999993
dexp,437613.11000000016
biwec,438736.4199999998
nubia,439134.99999999994
alpicool,439332.4000000001
torrent,440248.73000000004
technomax,442452.86000000016
heyner,445104.85999999987
mateus,447132.17000000004
delmax,448165.65999999986
rcf,448359.43
airwheel,448712.35000000003
aoteli,449263.9099999998
internedoors,449546.8899999998
patriot,449778.7099999999
edifier,450267.7200000002
annaanna,450862.45999999734
unit,451346.95999999996
htw,451621.87000000017
forward,452609.24999999977
byredo,453762.85
dk,455307.68000000017
bugatti,456263.0800000001
rivalli,457376.98
forsage,457471.35000000003
titan,458987.11000000004
aorus,461127.56
gaissina,462514.10000000044
karmen,463644.58999999985
nicecooker,464476.810000001
barbie,465294.4099999996
bene,466703.0200000001
aplus,467317.7899999997
birusa,467898.9399999999
condtrol,468054.19000000006
ava,468608.50000000006
quechua,469509.4699999999
caprice,472023.2599999999
sjrc,472907.60000000015
daiwa,474822.81
viessmann,474915.0100000001
mancera,477213.6100000001
novatex,478712.48000000004
naturehike,483538.4900000001
zongshen,485578.32000000007
weber,487010.5199999999
mebberykz,488311.0600000003
rush,489327.62000000017
powerplant,491007.6100000002
teknum,492644.88999999966
gt,494544.51000000007
fenix,496982.55
maribel,497381.8800000003
beyerdynamic,499797.52999999997
domani-spa,500169.9899999999
dowontec,500397.7500000001
tec,501006.42000000004
omoikiri,501329.9500000001
smartrike,505040.30000000005
konlega,506094.07000000024
wethepeople,507356.91000000003
permanence,508708.4099999998
olympus,514392.97999999986
stiga,516272.72000000003
k-power,516802.62000000005
chloe,516983.6000000001
holicy,518746.4600000001
tyrex,519170.4400000001
touchbeauty,520664.9999999999
startul,521378.37000000145
noppies,521595.1700000006
anta,523612.2500000001
lorelli-bertoni,523726.80000000057
yacco,523882.95999999996
ariete,526778.1899999997
luxell,527537.7700000003
selby,528159.1399999999
vitebskiekovry,528481.2099999998
al-ko,528808.5000000001
avatar,529769.5499999998
danielklein,535317.22
shiseido,536481.95
fiesta,543744.1200000001
grandmanar,545745.3999999997
mibb,546586.22
santek,547324.9400000001
korting,547948.43
teosa,549634.9799999999
babylisspro,550149.0499999997
murager,552021.1799999999
tuffoni,553068.4399999992
grillver,558196.9999999999
volta,558331.1100000001
subini,563616.3599999998
incar,564452.2600000005
apache,568062.7200000001
kenzo,572298.9199999999
makeblock,576352.0299999999
leeco,576877.48
pdw,577479.2800000001
fitbit,577811.7299999997
bugaboo,579081.0799999998
battipav,580057.0700000001
moon,581783.5900000001
forza,585500.15
shenma,588043.7899999991
traser,589935.8099999999
milat,591936.2899999998
daisy,592046.8400000001
crucial,592938.9799999999
flavia,593499.3200000003
axper,595363.5099999998
balmain,599301.3600000001
yusufhali,599855.7100000001
defredesign,600850.38
tacx,602775.4299999998
simba,605619.370000002
caramelia,609561.419999999
bestoy,610615.5399999988
eltempo,611713.2899999995
fisher,613074.2399999999
aiko,613110.0699999997
bochetti,613432.4500000016
bartek,613681.6100000009
apc,616949.25
pikate,617116.2900000002
kumho,617459.6099999999
jet,618599.470000001
gezatone,618806.26
barneo,619630.7200000006
smile,620795.1800000004
nuna,622886.5799999995
stalker,623201.9800000001
keter,627772.5800000001
riko,627947.4900000001
quinny,630705.89
bambola,632137.9199999997
salomon,632427.8099999999
verdi,633382.2299999997
joyor,633441.1599999998
opadiris,636310.1600000003
segway,637132.4900000001
longway,637211.2099999998
lubimyjdom,637271.2800000003
motorola,638559.63
sailun,640837.9099999999
michaelkors,640911.79
fissman,642176.7000000001
ecocool,644067.9199999996
climadiff,646249.2100000001
intego,647633.5099999995
audio-technica,648705.1399999999
kukmara,652915.2500000005
xing,654200.7900000002
krk,655268.43
fornelli,660720.0000000003
prada,665466.1799999991
turboair,665499.0399999993
guerlain,668278.4800000002
escan,670591.9500000001
romax,673251.6399999999
sunwide,674831.6699999999
aqua,676716.7799999997
mystar,677476.8000000003
babyswing,678571.2900000007
roca,683351.3099999998
deta,684558.1700000002
hanowa,686164.8300000001
pablosky,688888.5799999996
parkmaster,689618.070000001
bertoni,692044.0300000004
minelab,692707.5500000003
poopsie,693391.3899999984
milano,693467.54
e-blue,694215.49
vihr,696650.5500000003
mutlu,696790.1100000001
romanson,699202.1400000007
lifedeco,700456.81
bresser,701536.1400000002
cenmax,701811.1599999996
wagner,704133.7000000002
cougar,704521.9600000001
jetpik,705018.3399999999
denon,710084.1899999995
focal,711493.4499999998
motorguide,711517.6699999999
tecno,715528.3900000005
humminbird,716280.3300000001
iiyama,718161.4699999999
berkut,722098.83
renova,724670.9199999995
smoby,728592.1299999999
honda,729217.4600000002
defender,731605.3
yoya,734003.5199999996
obi,735076.7800000001
roxy,743861.2700000003
singer,745969.7899999998
gainward,746674.4199999998
huntkey,752561.0400000004
dayun,757351.52
imperia,758842.64
easywalker,760626.8699999999
flight,761448.0099999999
rastar,763429.1499999999
boneco,765058.25
behringer,766080.6500000001
kaemingk,768283.7799999999
vossen,769259.8799999997
am.pm,772426.1400000002
yamato,773447.0
leatherman,773467.4900000001
hayali,773788.6900000002
ardesia,777784.7900000002
vardoven,778092.1199999998
mazzini,778533.5700000001
kmk,779410.2700000007
syma,781564.5200000001
ninebot,784240.5000000001
maxtrek,785949.7799999999
mantra,787465.2900000002
rant,787663.7699999998
akvafor,789525.6400000014
siemens,790562.2199999997
bumbleride,793487.1800000005
deluxe,793729.3699999987
peterhof,794824.6400000013
vako,804121.0899999997
nasomatto,806131.82
tarlan,808269.2999999999
deepcool,811736.4699999996
ovation,813761.7299999993
nitto,820472.0300000003
mercedes,824943.9200000002
bissell,830567.4599999998
montblanc,833384.6999999996
skagen,834885.8899999998
lutian,836878.4200000002
farroad,838115.7700000007
laufen,847856.8700000001
pny,849474.6599999998
gewa,860533.2399999988
einhell,866644.1100000006
leica,873103.1300000004
voltman,874399.0299999987
clatronic,875878.5300000005
lemark,876152.8099999999
divalux,878622.8399999997
zelmer,879212.9400000005
adata,880965.6399999997
kapika,883812.469999998
partner,885563.4900000008
swatch,886783.46
lacoste,897431.6399999997
inspector,903370.3800000002
nakamichi,908417.4800000001
ray-ban,913079.4499999997
fondital,913817.1500000001
cavaletto,914751.669999999
zte,915290.5000000023
elikor,915744.7
head,924466.9600000001
inglesina,931085.5900000002
hoover,933482.380000001
akpo,936220.2299999999
x-game,936400.6699999984
krups,940572.8400000003
bauer,943819.5500000007
adamas,943865.1700000002
sjcam,947644.4500000004
willmark,947984.1200000001
ferrino,949904.6900000003
carver,950991.4300000005
prologic,951373.1700000002
wera,955215.1899999997
kuppersbusch,957178.8300000001
plantronics,961469.6099999996
xxr,961493.1000000002
bergner,963230.2800000005
jack,968279.3999999997
sevenfriday,969011.2700000001
vinzer,972239.469999999
solomon,973013.7000000002
radaway,973887.7799999994
quiksilver,979960.9699999993
qmax,980146.5899999997
imx,983417.27
haro,983910.7499999998
chopard,985614.0700000003
ea,985883.84
moschino,986319.6100000006
geil,992821.2899999989
remain,1002271.5699999993
mykronoz,1002424.8600000001
franke,1002612.6100000001
broomer,1002645.8800000006
zwillingjahenckels,1010844.2200000002
chigo,1018718.1099999998
lancome,1018941.2000000015
ride,1021656.0900000003
rimax,1021683.1399999997
steelseries,1023076.0599999997
xerox,1028319.1899999997
silverlit,1031121.4199999848
milavitsa,1034450.2999999991
acme,1051075.700000002
casper,1052631.7499999995
tonybellucci,1056024.2699999998
ilife,1060597.960000001
husqvarna,1060862.9500000002
hasbro,1061035.6999999997
tamaris,1061207.3499999999
genesis,1067306.5900000012
firestone,1079764.7399999998
greenbike,1079817.0100000002
bosher,1082538.4799999997
renegade,1083360.0
columbia,1084029.21
ats,1084063.8099999998
svc,1084627.1199999985
nordictrack,1087236.29
total,1089416.8000000007
pinarello,1091295.4400000002
sennheiser,1092604.479999999
kormoran,1093489.46
mebelswow-rn,1098859.8999999957
simfer,1098993.6800000004
vivitek,1102346.4600000002
basic,1103492.0499999993
author,1107294.6
bohemia,1108281.0599999998
babytime,1113135.5800000003
bulgari,1116267.9400000006
sava,1119085.42
legeartis,1119291.3699999996
gamemax,1119964.57
kolner,1121259.4699999986
bomberg,1121373.86
anytek,1135408.9999999956
garvalin,1154486.1199999994
balta,1154617.4100000004
hobot,1156225.48
greta,1158837.87
shagovita,1165386.0499999986
nik,1169315.1600000004
coballe,1171909.2599999995
leem,1176024.4199999995
powcan,1177514.33
venta,1180412.3499999996
olmeko,1183070.7399999995
m-audio,1183282.84
pedrollo,1184517.9900000002
manfrotto,1186998.3
liebherr,1192418.4599999997
bruder,1212545.5099999874
p.i.t.,1213137.0799999987
sonel,1217851.5300000003
ombra,1225535.13
hangover,1234537.850000003
startline,1241119.7899999975
squier,1246203.6700000009
tramontina,1248082.9099999997
juki,1260560.3499999994
medeli,1267273.0899999996
cersanit,1272975.049999999
centurion,1273249.7000000014
molodecnomebel,1273397.4500000002
perilla,1276318.809999998
citizen,1277413.2199999993
tutis,1285865.83
roamer,1288786.2899999998
llorens,1293175.629999998
turbo,1295626.359999995
razer,1300420.82
preciosa,1301498.41
kawai,1303508.6000000006
oursson,1311688.599999998
covani,1313326.229999998
centrpravilnogosna,1314253.2999999996
noktamakro,1315766.5800000003
apacer,1325379.0299999975
roadstone,1330445.6200000008
inoi,1339962.93
buggy,1342623.8499999996
orto-bed,1343209.3699999999
blackvue,1351147.15
scott,1352535.9699999997
habilead,1360826.8199999984
trust,1372966.0199999996
polar,1377627.0700000008
deeper,1382364.3900000004
dunlop,1382654.4900000002
hifly,1386931.0099999981
redford,1387757.9300000004
diamant,1396537.9299999997
riga,1397105.93
calgaro,1397967.03
viking,1399539.7800000005
musicroom,1399829.77
persona,1401899.5599999991
schneider,1405041.4000000004
thrustmaster,1406125.7000000002
asics,1407172.8099999959
ritmix,1412005.2700000003
texet,1415976.8099999954
karat,1417383.3600000052
kef,1424385.31
saturn,1424546.4300000025
redbo,1427406.9100000001
dsland,1440091.8699999992
tomahawk,1442095.0200000042
zanussi,1442179.3300000003
audison,1458643.0200000003
sapphire,1460338.7
evrodetal,1464778.53
navitel,1468350.9099999962
xp-pen,1473208.299999999
millionaire,1473512.8199999956
vectron,1474981.3600000008
babylock,1477122.69
glasman,1485000.0399999917
teka,1485500.61
akom,1489215.1700000023
dkny,1498758.2099999993
seagate,1503185.1300000001
mak,1529406.9499999995
klima,1533468.420000001
gross,1538613.4100000004
novigo,1543990.5200000003
maunfeld,1544294.730000002
irbis,1551440.6099999966
proxima,1562348.2999999998
moldabela,1564127.6399999987
canyon,1578805.9900000019
neman,1585416.7400000002
pituso,1587607.8499999996
appollo,1599711.6900000016
varta,1604484.4899999998
osman,1608864.63
amazon,1609267.4400000006
cortland,1636458.3099999994
wonlex,1638331.5399999982
kuppersberg,1640279.63
ams,1646031.8699999994
xgimi,1646423.8000000007
stark,1652379.8099999994
alphard,1657287.1000000003
shimano,1659270.8099999994
playme,1659290.4300000002
trek,1662830.8399999996
ccm,1665784.4500000004
swisshome,1666201.84
trevi,1673866.2399999993
carlsbad,1687109.1600000034
native,1695283.5599999994
gislaved,1698350.7800000003
nitro,1705838.2299999995
rebus,1706879.0399999972
coleman,1712908.3699999999
dcshoes,1721127.9200000009
edge,1721717.5700000038
sportop,1723120.9100000001
mebelazii,1726714.5799999996
swat,1738001.8699999966
mido,1740450.45
autoline,1743370.1800000002
blackberry,1744776.5899999957
versale,1749530.3900000008
dobrusskijfarforovyjzavod,1750040.6700000104
vega,1757430.0499999982
toyota,1764847.4499999993
aurora,1766859.8299999991
jupiter,1774077.6399999994
alis,1788839.6899999995
ryobi,1793297.6699999997
zeppelin,1803768.7999999996
doohan,1807173.9100000001
alesis,1820090.3999999992
powercolor,1831256.9400000006
ersport,1832489.1900000004
aimoto,1836503.22
erkaplan,1840436.7999999998
adriatica,1863955.5599999996
velvet,1884268.3100000056
levenhuk,1891293.6099999987
kristal,1896537.190000002
winca,1913398.6700000027
fujifilm,1914232.9799999993
picard,1919360.4900000019
beats,1926034.0600000005
cannondale,1931247.6600000004
axis,1931744.3100000045
korg,1932306.6099999992
diesel,1934754.39
casada,1939784.560000001
coccinelle,1944487.5400000005
takamine,1977832.8999999994
joyroad,1982394.720000008
elan,1995949.850000001
almada,1998080.0600000026
givenchy,1999731.0700000005
alutec,2008125.7299999997
riviera,2008910.1200000006
ezetil,2014715.37
shiraz,2018416.6599999997
mima,2019360.4999999998
petek,2030787.5300000005
rooman,2036294.1200000069
king,2036986.8999999992
t-max,2039955.5000000014
thermex,2043781.0900000003
dwt,2049740.4399999978
senci,2055528.8900000004
laston,2062775.2399999986
mebberi,2066552.4400000009
puma,2069526.9299999995
huion,2094920.8099999975
romana,2096814.6099999999
blam,2102156.4599999995
stagg,2108335.12
schaublorenz,2111589.2500000023
goodride,2113561.6800000025
jkexer,2117499.0199999996
edufun,2120976.84
tigar,2122090.490000001
norfin,2123532.5600000005
viewsonic,2128100.3299999996
satura,2132733.850000001
milwaukee,2152817.7399999998
burgerschuhe,2154347.819999993
ardahali,2158515.9499999997
optoma,2159629.07
lux,2165559.9600000004
lanvin,2169380.329999992
dometic,2178321.7099999995
kettler,2189209.85
melitta,2203124.169999999
teploross,2211943.350000002
bsa-wheels,2226923.4400000013
genau,2239048.1899999804
oxygen,2245776.3599999994
timberk,2249184.0400000177
mapex,2262965.599999999
thermaltake,2283776.34
akvaton,2292421.8799999985
racer,2298019.979999999
maomaoku,2306196.3599999975
meade,2310806.7300000004
toyo,2314025.509999999
berghoff,2314600.4300000006
cort,2323277.3699999982
aerosystem,2332811.7500000005
microlab,2340000.999999998
sven,2359661.1699999883
maxwell,2368905.7299999935
eurolux,2373473.019999998
roncato,2376161.2899999986
roborock,2387672.1099999985
gipfel,2392492.24
gigawatt,2405264.92
epr,2408316.880000001
comforser,2447261.2299999995
matrol,2448264.150000001
gerat,2462619.3899999964
edox,2474092.13
adil,2481598.8000000017
legre,2486420.629999993
festool,2487099.6399999997
matrix,2489319.9399999967
chayka,2491171.9599999916
steelflex,2499032.340000002
danke,2512029.779999998
grohe,2514467.4300000006
phoenix,2518492.080000002
polini,2526162.080000002
resanta,2527039.9500000007
trollbeads,2533538.3700000006
firman,2548572.8700000006
mart,2553404.5799999973
babyliss,2560887.7800000063
htc,2575599.270000002
powertec,2577215.64
elna,2590982.4
kolibri,2596792.3399999994
fassen,2611843.490000025
daneildesch,2616596.4500000016
hankook,2619082.2699999986
mebelson,2622959.609999999
dynacord,2631329.7600000007
bars,2635481.9000000055
reebok,2669496.0300000063
hertz,2672056.3000000026
powertrac,2732315.4000000046
neva,2749999.5999999987
alpina,2757273.4700000044
peavey,2761190.380000002
louiserard,2766268.1299999994
kiturami,2770812.230000001
leadbros,2777118.870000001
suunto,2790647.8300000005
buderus,2803911.3799999994
giornonotte,2811617.1200000006
hyperx,2827016.8600000003
celestron,2837373.259999998
shure,2844669.7100000004
doogee,2857860.0900000003
galaxy,2859975.530000008
logitech,2924847.9600000004
vestel,2949287.389999998
jordan,2981018.220000007
kicx,2988248.480000001
trebl,3015003.7600000026
marcomenti,3024322.6800000006
diamondunion,3027679.2199999983
adidas,3032945.869999998
aerocool,3042550.6400000015
bfgoodrich,3068067.640000004
bodysculpture,3097616.0000000126
peg-perego,3116501.549999994
wacom,3117804.0800000005
stanley,3125937.370000003
bafang,3147284.240000001
silva,3155103.049999998
aoc,3156740.2800000017
efremov,3164482.9199999943
triton,3318656.4100000015
artmusical,3347648.159999997
remington,3369810.1699999943
stolplit,3406552.3
rial,3417503.7500000005
electro-voice,3427055.3900000015
element,3444237.979999991
daewoo,3462372.9699999997
cube,3470880.84
oasis,3478869.459999993
minimotors,3495522.14
velvet-santiago,3497701.7400000007
boccia,3509007.0700000026
nexen,3513992.060000005
asel,3521389.6500000088
elari,3528332.900000006
lorelli,3552748.140000004
blaupunkt,3568593.710000001
atlantic,3572316.2500000023
roadx,3607342.900000006
anex,3631530.1499999994
unilux,3652877.89
ballu,3662562.4999999814
baltekstil,3708063.139999988
bose,3719880.1300000018
adamex,3739231.6899999953
darina,3747313.5199999996
wingoffly,3750067.9299999997
strobbs,3751543.130000007
gucci,3788591.089999996
nintendo,3834348.5899999877
babyzen,3842734.189999997
aero,3874729.360000001
cantra,3904907.5399999795
asrock,3925984.6400000006
cover,3938557.109999991
thule,3947672.199999999
gf,3950319.780000005
certina,3982095.4100000006
etor,3986914.349999992
harper,4006782.9599999995
horizont,4011759.2600000026
can-am,4054697.2600000054
pirelli,4080510.1100000003
jura,4082820.3
domyos,4101471.9400000013
pozis,4115840.429999999
zubr,4132795.3500000047
ibox,4138044.060000018
flama,4149300.1199999982
kaiser,4170706.1299999994
fossil,4172744.359999991
nexpero,4200124.379999997
merelani,4212378.1000000015
kapsen,4225259.300000001
marshall,4234601.899999993
shua,4245662.790000002
transcend,4292510.8000000045
hyundai,4298493.470000001
jvc,4327957.580000002
helvetia,4341059.359999991
seiko,4410755.6
pride,4417011.030000005
roland,4451643.159999998
conceptclub,4460636.089999964
intex,4487441.489999979
amouage,4519900.279999995
tunga,4521037.970000057
burton,4549199.830000003
dxracer,4675873.47
jasic,4691333.590000001
kugoo,4729367.769999999
otan,4778450.39000001
pt-group,4807710.719999997
alteco,4817985.270000008
harley-davidson,4824660.0600000005
arnica,4828092.420000002
bork,4869028.889999999
dior,4875611.760000009
ski-doo,4890814.730000025
prestigio,4901255.349999961
alser,4968629.930000003
denzel,4991791.359999998
fubag,5023742.340000001
tp-link,5027722.260000012
laurastar,5033528.689999999
uno,5051409.630000004
karya,5114196.919999997
bestway,5182536.440000004
jade,5185160.519999999
skyworth,5194342.789999995
rondell,5238341.909999993
incanto,5248429.22000001
bellamebel,5283732.600000005
pocketbook,5310433.250000008
gree,5323989.489999997
nika,5336052.450000017
stendmebel,5400003.370000026
continental,5403826.609999995
rusgoldart,5499324.160000011
omron,5518106.820000001
brother,5555425.84
bq,5583387.299999996
carfashion,5619626.240000011
hisense,5655894.559999992
ergo,5684144.4599999925
zeta,5777812.709999989
hitachi,5831196.060000001
luminarc,5844493.030000001
garrett,5883223.749999999
fila,5899138.639999986
komfort-s,6067539.809999996
granhel,6134562.080000024
lego,6357035.510000005
amd,6377098.370000004
matador,6385523.179999991
crown,6387194.90000002
aeroforce,6501675.700000008
delta,6635605.569999997
mercury,6692831.539999998
bridgestone,6724626.640000007
joie,6752419.740000024
kartal,6761082.220000004
changhong,6820794.859999978
creed,6915442.639999978
chicco,6917798.870000002
whirlpool,6959546.52
salamander,6990081.620000052
fender,7030227.589999999
jaguar,7075539.040000008
chanel,7114889.860000008
rivertoys,7145899.050000007
domini,7207377.920000004
goodyear,7336495.839999979
rowenta,7356398.989999926
ostamebel,7536708.240000007
ikea,7625243.450000001
fitlux,7668787.759999996
alpine,7687908.689999987
rinnai,7691208.06
scarlett,7778124.519999981
maxxis,7902520.939999993
montale,7993607.020000019
cartier,8000811.6800000025
umi,8142162.610000029
metabo,8182277.659999999
greyder,8262666.549999988
orient,8309066.190000008
kitfort,8326340.910000001
almacom,8495706.55
gopro,8553269.190000001
sho-me,8767419.170000019
hygge,8808733.799999978
armani,8879508.88999999
hubert,9153514.020000001
belecoo,9240038.890000002
shivaki,9276748.61
michelin,9464852.18
stihl,9505884.639999982
sportelite,9765766.2
avalon,9862342.40999999
kipardo,1.003779791999999E7
bernina,1.0093780250000002E7
kingston,1.0135065490000002E7
neoline,1.0155001409999987E7
palit,1.0172257989999996E7
triangle,1.0229309490000043E7
housefit,1.0295552660000032E7
irobot,1.0340363539999995E7
oris,1.0527252850000005E7
moulinex,1.0550238609999996E7
hotpoint-ariston,1.082729587000001E7
erlit,1.092289243999999E7
viatti,1.1220877520000273E7
cybex,1.1310770119999984E7
rado,1.1521861199999997E7
fly,1.1638834879999962E7
yokohama,1.1985892109999994E7
toshiba,1.2087876190000001E7
kitchenaid,1.2260301129999999E7
magnetta,1.2260994979999963E7
askona,1.242413565E7
elenberg,1.3225096140000064E7
kurzweil,1.3331035489999998E7
google,1.3525752119999992E7
nike,1.3984169800000126E7
vegas,1.444355692E7
pandora,1.4446223780000007E7
arg,1.4557702479999907E7
peda,1.4707208729999997E7
ariston,1.5091682999999966E7
yasin,1.5329048099999957E7
neo,1.5567248249999993E7
longines,1.560371653999999E7
jbl,1.6067046520000014E7
dinastia,1.607418945999995E7
rieker,1.6075445919999838E7
candy,1.6216921789999954E7
giant,1.651519235999998E7
microsoft,1.6718392039999997E7
gigabyte,1.7005452029999975E7
intel,1.7006395490000013E7
polaris,1.707210096000014E7
tomfarr,1.8215391810000192E7
pinskdrev,1.8561237919999983E7
navien,1.8895159930000007E7
baden,1.9009708430000022E7
vitek,1.926199914000007E7
versace,1.9352504659999974E7
asm,1.9421673569999907E7
lider,1.950033543000002E7
dyson,2.0117484920000006E7
netechnics,2.034081036000001E7
smart,2.1586262169999998E7
alkor,2.177403042E7
braun,2.1923096739999976E7
skad,2.1990578359999876E7
nokian,2.2207268850000154E7
panasonic,2.221851463000017E7
kivi,2.317747377999999E7
stels,2.331748655999974E7
dewalt,2.3534515980000112E7
weekend,2.3895368169999953E7
force,2.3941823370000053E7
tcl,2.5192425210000154E7
nikon,2.5500080410000015E7
makita,2.5556310680000022E7
gorenje,2.5636650430000015E7
huter,2.581579438999998E7
gefest,2.6459228340000022E7
epson,2.6847370789999895E7
thomas,2.763908081999993E7
dji,2.9334373599999964E7
nokia,3.088677449999984E7
cordiant,3.1237468949999113E7
pioneer,3.1281750779999882E7
kenwood,3.1444442180000085E7
meizu,3.1743658429999925E7
delonghi,3.1774163059999954E7
starline,3.245870573000031E7
honor,3.3300675550000306E7
yamaha,3.343411593999975E7
robertobravo,3.414812893000003E7
tissot,3.529254841E7
imperial,3.6372215949999765E7
rals,3.762137311999996E7
smeg,3.797829002000005E7
redmond,3.836161872999995E7
atlant,3.926062907000011E7
tefal,4.526362806000024E7
sokolov,4.6010738480000235E7
karcher,4.686634543999975E7
bts,4.815224554000081E7
casio,4.938243155999996E7
electrolux,5.006942431999996E7
vivo,5.085913155000025E7
hansa,5.272588177999998E7
janome,5.519420217999929E7
omabelle,5.75728296099997E7
msi,5.925306970000003E7
midea,5.983664852999999E7
respect,6.1597218970000036E7
dell,6.200664265000018E7
canon,6.827892152999976E7
beko,7.601834235999975E7
oneplus,7.627174471000013E7
philips,7.717037031999925E7
sv,8.051890170000067E7
garmin,8.227432837000008E7
brw,8.25091277799997E7
haier,9.050694754999958E7
dauscher,9.686998056000076E7
pulser,9.948782284000006E7
indesit,1.1208802321000002E8
artel,1.17889680579997E8
oppo,2.4355201413999408E8
hp,2.5420116147999713E8
bosch,2.6984544351999646E8
lucente,2.864289987100025E8
asus,2.915949662099977E8
sony,3.5280269465999067E8
huawei,3.722277696700035E8
lenovo,4.075058258700068E8
acer,4.3892306675999695E8
lg,5.16143015360009E8
xiaomi,9.450331848000373E8
"",1.9398527606800501E9
samsung,2.809489253159806E9
apple,5.171549508619733E9
